file,param,F1,F2,F3,error,file_name,id,group,label,max_formant,speaker_num,optimized,word,stress,dur,pre_word,fol_word,pre_seg,fol_seg,abs_pre_seg,abs_fol_seg,context
/Users/stellatakvoryan/Documents/ASC/FAVE files/bait-AC_param.csv,0,363.0691297579844,1311.747949572301,2194.7259531946206,6.4600349418045e-4,bait-AC,0-0-0-1,group_0,ey,6948.717948717948,1,2,bait,1,0.2,#,NA,B,T,B,TRUE,internal
/Users/stellatakvoryan/Documents/ASC/FAVE files/bait-AC_param.csv,1,77.08838232173403,-188.18732854218769,31.74252820735995,6.4600349418045e-4,bait-AC,0-0-0-1,group_0,ey,6948.717948717948,1,2,bait,1,0.2,#,NA,B,T,B,TRUE,internal
/Users/stellatakvoryan/Documents/ASC/FAVE files/bait-AC_param.csv,2,-3.9397169328004065,-34.10956271874025,16.145643354665108,6.4600349418045e-4,bait-AC,0-0-0-1,group_0,ey,6948.717948717948,1,2,bait,1,0.2,#,NA,B,T,B,TRUE,internal
/Users/stellatakvoryan/Documents/ASC/FAVE files/bait-AC_param.csv,3,-9.061372784481682,7.35475453432996,-8.823699975545344,6.4600349418045e-4,bait-AC,0-0-0-1,group_0,ey,6948.717948717948,1,2,bait,1,0.2,#,NA,B,T,B,TRUE,internal
/Users/stellatakvoryan/Documents/ASC/FAVE files/bait-AC_param.csv,4,-2.136371680502892,11.656196698112192,-6.906850120180973,6.4600349418045e-4,bait-AC,0-0-0-1,group_0,ey,6948.717948717948,1,2,bait,1,0.2,#,NA,B,T,B,TRUE,internal
/Users/stellatakvoryan/Documents/ASC/FAVE files/bait-KL_param.csv,0,333.6402598941232,1363.687446991067,1926.105451297169,3.2308883554467e-4,bait-KL,0-0-0-1,group_0,ey,6230.7692307692305,1,2,bait,1,0.21,#,NA,B,T,B,TRUE,internal
/Users/stellatakvoryan/Documents/ASC/FAVE files/bait-KL_param.csv,1,96.99561915795306,-158.90957495865706,-96.6480749778684,3.2308883554467e-4,bait-KL,0-0-0-1,group_0,ey,6230.7692307692305,1,2,bait,1,0.21,#,NA,B,T,B,TRUE,internal
/Users/stellatakvoryan/Documents/ASC/FAVE files/bait-KL_param.csv,2,-7.668293755797831,-38.62560008868076,29.667155376041276,3.2308883554467e-4,bait-KL,0-0-0-1,group_0,ey,6230.7692307692305,1,2,bait,1,0.21,#,NA,B,T,B,TRUE,internal
/Users/stellatakvoryan/Documents/ASC/FAVE files/bait-KL_param.csv,3,-6.169605441562147,10.479839791862112,3.0388965919698214,3.2308883554467e-4,bait-KL,0-0-0-1,group_0,ey,6230.7692307692305,1,2,bait,1,0.21,#,NA,B,T,B,TRUE,internal
/Users/stellatakvoryan/Documents/ASC/FAVE files/bait-KL_param.csv,4,-1.1444991413377348,6.628868431944285,-6.259772680715668,3.2308883554467e-4,bait-KL,0-0-0-1,group_0,ey,6230.7692307692305,1,2,bait,1,0.21,#,NA,B,T,B,TRUE,internal
/Users/stellatakvoryan/Documents/ASC/FAVE files/bait-SO_param.csv,0,245.26735460575335,1596.591888894961,2238.91543755298,0.00277329387369617,bait-SO,0-0-0-1,group_0,ey,7128.205128205128,1,2,bait,1,0.16,#,NA,B,T,B,TRUE,internal
/Users/stellatakvoryan/Documents/ASC/FAVE files/bait-SO_param.csv,1,62.13355982347054,-59.51655105893929,-136.3670770945167,0.00277329387369617,bait-SO,0-0-0-1,group_0,ey,7128.205128205128,1,2,bait,1,0.16,#,NA,B,T,B,TRUE,internal
/Users/stellatakvoryan/Documents/ASC/FAVE files/bait-SO_param.csv,2,14.25652942689017,-11.949092565562,12.05069290867059,0.00277329387369617,bait-SO,0-0-0-1,group_0,ey,7128.205128205128,1,2,bait,1,0.16,#,NA,B,T,B,TRUE,internal
/Users/stellatakvoryan/Documents/ASC/FAVE files/bait-SO_param.csv,3,0.6775551972999913,-4.415496770801883,-35.626041642927824,0.00277329387369617,bait-SO,0-0-0-1,group_0,ey,7128.205128205128,1,2,bait,1,0.16,#,NA,B,T,B,TRUE,internal
/Users/stellatakvoryan/Documents/ASC/FAVE files/bait-SO_param.csv,4,2.7787224951344687,-6.812468473717589,-16.83390336956773,0.00277329387369617,bait-SO,0-0-0-1,group_0,ey,7128.205128205128,1,2,bait,1,0.16,#,NA,B,T,B,TRUE,internal
/Users/stellatakvoryan/Documents/ASC/FAVE files/bait-W3_param.csv,0,278.15240230632605,1629.4378042207957,2410.5983821504833,0.00100439083914243,bait-W3,0-0-1-1,group_0,ey,7307.692307692308,1,2,bait,1,0.12,NA,NA,B,T,B,TRUE,internal
/Users/stellatakvoryan/Documents/ASC/FAVE files/bait-W3_param.csv,1,22.309354627113077,-84.1632098636536,-37.01601194967487,0.00100439083914243,bait-W3,0-0-1-1,group_0,ey,7307.692307692308,1,2,bait,1,0.12,NA,NA,B,T,B,TRUE,internal
/Users/stellatakvoryan/Documents/ASC/FAVE files/bait-W3_param.csv,2,2.155338973463891,-11.584901313355942,-14.196479050939155,0.00100439083914243,bait-W3,0-0-1-1,group_0,ey,7307.692307692308,1,2,bait,1,0.12,NA,NA,B,T,B,TRUE,internal
/Users/stellatakvoryan/Documents/ASC/FAVE files/bait-W3_param.csv,3,2.455843073709463,-17.81976659750661,5.947737936419415,0.00100439083914243,bait-W3,0-0-1-1,group_0,ey,7307.692307692308,1,2,bait,1,0.12,NA,NA,B,T,B,TRUE,internal
/Users/stellatakvoryan/Documents/ASC/FAVE files/bait-W3_param.csv,4,-0.7024955193580412,11.672971920098735,-10.66721562738868,0.00100439083914243,bait-W3,0-0-1-1,group_0,ey,7307.692307692308,1,2,bait,1,0.12,NA,NA,B,T,B,TRUE,internal
/Users/stellatakvoryan/Documents/ASC/FAVE files/bait-W6_param.csv,0,260.1821466408194,1690.5459170279985,2466.142620490904,0.00120343308710109,bait-W6,0-0-1-1,group_0,ey,8025.641025641025,1,2,bait,1,0.15000000000000002,NA,NA,B,T,B,TRUE,internal
/Users/stellatakvoryan/Documents/ASC/FAVE files/bait-W6_param.csv,1,34.13574418419337,-82.04672630726532,-44.21998250200206,0.00120343308710109,bait-W6,0-0-1-1,group_0,ey,8025.641025641025,1,2,bait,1,0.15000000000000002,NA,NA,B,T,B,TRUE,internal
/Users/stellatakvoryan/Documents/ASC/FAVE files/bait-W6_param.csv,2,2.5965664920481095,-15.15797427768786,33.31319166314065,0.00120343308710109,bait-W6,0-0-1-1,group_0,ey,8025.641025641025,1,2,bait,1,0.15000000000000002,NA,NA,B,T,B,TRUE,internal
/Users/stellatakvoryan/Documents/ASC/FAVE files/bait-W6_param.csv,3,8.7760165286786,-1.0787213155151798,21.316256576544347,0.00120343308710109,bait-W6,0-0-1-1,group_0,ey,8025.641025641025,1,2,bait,1,0.15000000000000002,NA,NA,B,T,B,TRUE,internal
/Users/stellatakvoryan/Documents/ASC/FAVE files/bait-W6_param.csv,4,-1.4919169140051567,-6.046893213985806,2.9183774653770596,0.00120343308710109,bait-W6,0-0-1-1,group_0,ey,8025.641025641025,1,2,bait,1,0.15000000000000002,NA,NA,B,T,B,TRUE,internal
/Users/stellatakvoryan/Documents/ASC/FAVE files/bait-W9_param.csv,0,274.5551221866131,1552.4895168180967,2245.4487826951017,0.00231708141369083,bait-W9,0-0-1-1,group_0,ey,8025.641025641025,1,2,bait,1,0.12,NA,NA,B,T,B,TRUE,internal
/Users/stellatakvoryan/Documents/ASC/FAVE files/bait-W9_param.csv,1,19.012632334949856,-46.62266761130077,-49.31026256583789,0.00231708141369083,bait-W9,0-0-1-1,group_0,ey,8025.641025641025,1,2,bait,1,0.12,NA,NA,B,T,B,TRUE,internal
/Users/stellatakvoryan/Documents/ASC/FAVE files/bait-W9_param.csv,2,-4.142207743129834,-14.41810080398603,1.4666034372209225,0.00231708141369083,bait-W9,0-0-1-1,group_0,ey,8025.641025641025,1,2,bait,1,0.12,NA,NA,B,T,B,TRUE,internal
/Users/stellatakvoryan/Documents/ASC/FAVE files/bait-W9_param.csv,3,15.724099111585016,1.0156216463508947,9.51041523160668,0.00231708141369083,bait-W9,0-0-1-1,group_0,ey,8025.641025641025,1,2,bait,1,0.12,NA,NA,B,T,B,TRUE,internal
/Users/stellatakvoryan/Documents/ASC/FAVE files/bait-W9_param.csv,4,1.6383823160493434,-0.438944345640566,5.105555009301996,0.00231708141369083,bait-W9,0-0-1-1,group_0,ey,8025.641025641025,1,2,bait,1,0.12,NA,NA,B,T,B,TRUE,internal
/Users/stellatakvoryan/Documents/ASC/FAVE files/bat-AC_param.csv,0,488.351308450525,1139.0586151528346,2006.190569836319,4.0272267886723e-4,bat-AC,0-0-0-1,group_0,ae,7487.179487179487,1,2,bat,1,0.2,#,NA,B,T,B,TRUE,internal
/Users/stellatakvoryan/Documents/ASC/FAVE files/bat-AC_param.csv,1,14.527838632758645,-51.57259888615693,33.60620650640593,4.0272267886723e-4,bat-AC,0-0-0-1,group_0,ae,7487.179487179487,1,2,bat,1,0.2,#,NA,B,T,B,TRUE,internal
/Users/stellatakvoryan/Documents/ASC/FAVE files/bat-AC_param.csv,2,16.976870991080123,-44.45436436651955,46.52954479065339,4.0272267886723e-4,bat-AC,0-0-0-1,group_0,ae,7487.179487179487,1,2,bat,1,0.2,#,NA,B,T,B,TRUE,internal
/Users/stellatakvoryan/Documents/ASC/FAVE files/bat-AC_param.csv,3,-4.820937312506292,14.776412875857734,5.4906356353547014,4.0272267886723e-4,bat-AC,0-0-0-1,group_0,ae,7487.179487179487,1,2,bat,1,0.2,#,NA,B,T,B,TRUE,internal
/Users/stellatakvoryan/Documents/ASC/FAVE files/bat-AC_param.csv,4,1.6413890643717317,-10.48259838975422,17.405621997035368,4.0272267886723e-4,bat-AC,0-0-0-1,group_0,ae,7487.179487179487,1,2,bat,1,0.2,#,NA,B,T,B,TRUE,internal
/Users/stellatakvoryan/Documents/ASC/FAVE files/bat-KL_param.csv,0,451.6853571684722,1212.6867821193428,1852.843312395862,3.0758639477269e-4,bat-KL,0-0-0-1,group_0,ae,6589.74358974359,1,2,bat,1,0.18,#,NA,B,T,B,TRUE,internal
/Users/stellatakvoryan/Documents/ASC/FAVE files/bat-KL_param.csv,1,16.507750807756505,-93.53041529238776,-32.55572077556419,3.0758639477269e-4,bat-KL,0-0-0-1,group_0,ae,6589.74358974359,1,2,bat,1,0.18,#,NA,B,T,B,TRUE,internal
/Users/stellatakvoryan/Documents/ASC/FAVE files/bat-KL_param.csv,2,3.1037025452062466,-19.1138583859646,3.9521425531955345,3.0758639477269e-4,bat-KL,0-0-0-1,group_0,ae,6589.74358974359,1,2,bat,1,0.18,#,NA,B,T,B,TRUE,internal
/Users/stellatakvoryan/Documents/ASC/FAVE files/bat-KL_param.csv,3,-7.389647816482773,6.276439510916653,-7.206725460607019,3.0758639477269e-4,bat-KL,0-0-0-1,group_0,ae,6589.74358974359,1,2,bat,1,0.18,#,NA,B,T,B,TRUE,internal
/Users/stellatakvoryan/Documents/ASC/FAVE files/bat-KL_param.csv,4,1.5020596508713209,-5.592192225813487,-8.916450587814643,3.0758639477269e-4,bat-KL,0-0-0-1,group_0,ae,6589.74358974359,1,2,bat,1,0.18,#,NA,B,T,B,TRUE,internal
/Users/stellatakvoryan/Documents/ASC/FAVE files/bat-SO_param.csv,0,528.9395614144079,1122.677323200735,1748.4866335590175,1.1666192682785e-4,bat-SO,0-0-0-1,group_0,ae,6769.2307692307695,1,2,bat,1,0.16,#,NA,B,T,B,TRUE,internal
/Users/stellatakvoryan/Documents/ASC/FAVE files/bat-SO_param.csv,1,-31.322933284150288,9.388265190560247,16.90545428194261,1.1666192682785e-4,bat-SO,0-0-0-1,group_0,ae,6769.2307692307695,1,2,bat,1,0.16,#,NA,B,T,B,TRUE,internal
/Users/stellatakvoryan/Documents/ASC/FAVE files/bat-SO_param.csv,2,-10.347768431939809,23.673854223972615,11.04697672420372,1.1666192682785e-4,bat-SO,0-0-0-1,group_0,ae,6769.2307692307695,1,2,bat,1,0.16,#,NA,B,T,B,TRUE,internal
/Users/stellatakvoryan/Documents/ASC/FAVE files/bat-SO_param.csv,3,-2.231976993908636,4.282734051096408,-3.739921038560577,1.1666192682785e-4,bat-SO,0-0-0-1,group_0,ae,6769.2307692307695,1,2,bat,1,0.16,#,NA,B,T,B,TRUE,internal
/Users/stellatakvoryan/Documents/ASC/FAVE files/bat-SO_param.csv,4,-1.860421525453561,10.0303013296409,4.8247117405656565,1.1666192682785e-4,bat-SO,0-0-0-1,group_0,ae,6769.2307692307695,1,2,bat,1,0.16,#,NA,B,T,B,TRUE,internal
/Users/stellatakvoryan/Documents/ASC/FAVE files/bat-W3_param.csv,0,481.5157865824923,1184.7446034820098,1858.0723625757848,3.9088004422145e-4,bat-W3,0-0-1-1,group_0,ae,6769.2307692307695,1,2,bat,1,0.12,NA,NA,B,T,B,TRUE,internal
/Users/stellatakvoryan/Documents/ASC/FAVE files/bat-W3_param.csv,1,-47.07311278211661,71.11439687855402,45.00771850029928,3.9088004422145e-4,bat-W3,0-0-1-1,group_0,ae,6769.2307692307695,1,2,bat,1,0.12,NA,NA,B,T,B,TRUE,internal
/Users/stellatakvoryan/Documents/ASC/FAVE files/bat-W3_param.csv,2,-10.13524348881305,-4.361217556456541,-4.758848702917455,3.9088004422145e-4,bat-W3,0-0-1-1,group_0,ae,6769.2307692307695,1,2,bat,1,0.12,NA,NA,B,T,B,TRUE,internal
/Users/stellatakvoryan/Documents/ASC/FAVE files/bat-W3_param.csv,3,-5.765545809921335,0.19684075015569535,-4.947664528563294,3.9088004422145e-4,bat-W3,0-0-1-1,group_0,ae,6769.2307692307695,1,2,bat,1,0.12,NA,NA,B,T,B,TRUE,internal
/Users/stellatakvoryan/Documents/ASC/FAVE files/bat-W3_param.csv,4,-2.357795214663915,-0.4405906995427192,2.4262951387690497,3.9088004422145e-4,bat-W3,0-0-1-1,group_0,ae,6769.2307692307695,1,2,bat,1,0.12,NA,NA,B,T,B,TRUE,internal
/Users/stellatakvoryan/Documents/ASC/FAVE files/bat-W6_param.csv,0,613.6366960864583,1222.283080430633,1820.805947690466,0.00106981999278304,bat-W6,0-0-1-1,group_0,ae,5512.820512820513,1,2,bat,1,0.15000000000000002,NA,NA,B,T,B,TRUE,internal
/Users/stellatakvoryan/Documents/ASC/FAVE files/bat-W6_param.csv,1,-23.5573643862852,0.4967272556228013,10.557051270472408,0.00106981999278304,bat-W6,0-0-1-1,group_0,ae,5512.820512820513,1,2,bat,1,0.15000000000000002,NA,NA,B,T,B,TRUE,internal
/Users/stellatakvoryan/Documents/ASC/FAVE files/bat-W6_param.csv,2,7.517217129480093,-4.579949133326154,10.311122807767852,0.00106981999278304,bat-W6,0-0-1-1,group_0,ae,5512.820512820513,1,2,bat,1,0.15000000000000002,NA,NA,B,T,B,TRUE,internal
/Users/stellatakvoryan/Documents/ASC/FAVE files/bat-W6_param.csv,3,-6.031985080974726,-13.061903762397929,-6.700812836178537,0.00106981999278304,bat-W6,0-0-1-1,group_0,ae,5512.820512820513,1,2,bat,1,0.15000000000000002,NA,NA,B,T,B,TRUE,internal
/Users/stellatakvoryan/Documents/ASC/FAVE files/bat-W6_param.csv,4,0.9458768142771352,-0.7826007317348294,1.7888409945911077,0.00106981999278304,bat-W6,0-0-1-1,group_0,ae,5512.820512820513,1,2,bat,1,0.15000000000000002,NA,NA,B,T,B,TRUE,internal
/Users/stellatakvoryan/Documents/ASC/FAVE files/bat-W9_param.csv,0,465.9704901255381,1143.7511067841722,1597.6150082069817,1.968006533941e-4,bat-W9,0-0-1-1,group_0,ae,6230.7692307692305,1,2,bat,1,0.09999999999999998,NA,NA,B,T,B,TRUE,internal
/Users/stellatakvoryan/Documents/ASC/FAVE files/bat-W9_param.csv,1,-21.620585841945303,9.481571693572889,16.9623691138495,1.968006533941e-4,bat-W9,0-0-1-1,group_0,ae,6230.7692307692305,1,2,bat,1,0.09999999999999998,NA,NA,B,T,B,TRUE,internal
/Users/stellatakvoryan/Documents/ASC/FAVE files/bat-W9_param.csv,2,-5.854992056745454,-10.989571607352271,-17.66740756232956,1.968006533941e-4,bat-W9,0-0-1-1,group_0,ae,6230.7692307692305,1,2,bat,1,0.09999999999999998,NA,NA,B,T,B,TRUE,internal
/Users/stellatakvoryan/Documents/ASC/FAVE files/bat-W9_param.csv,3,-0.5920272697180253,2.2937166358921433,3.151568514370551,1.968006533941e-4,bat-W9,0-0-1-1,group_0,ae,6230.7692307692305,1,2,bat,1,0.09999999999999998,NA,NA,B,T,B,TRUE,internal
/Users/stellatakvoryan/Documents/ASC/FAVE files/bat-W9_param.csv,4,-1.9410676130509528,-3.979864563271541,-7.571095773078078,1.968006533941e-4,bat-W9,0-0-1-1,group_0,ae,6230.7692307692305,1,2,bat,1,0.09999999999999998,NA,NA,B,T,B,TRUE,internal
/Users/stellatakvoryan/Documents/ASC/FAVE files/beat-AC_param.csv,0,230.81167857267295,1445.1847846522996,2130.5900956797827,4.7261805342993e-4,beat-AC,0-0-0-1,group_0,iy,4974.358974358975,1,1,beat,1,0.19,#,NA,B,T,B,TRUE,internal
/Users/stellatakvoryan/Documents/ASC/FAVE files/beat-AC_param.csv,1,33.40708350933872,-59.83224967491364,-116.19512836637692,4.7261805342993e-4,beat-AC,0-0-0-1,group_0,iy,4974.358974358975,1,1,beat,1,0.19,#,NA,B,T,B,TRUE,internal
/Users/stellatakvoryan/Documents/ASC/FAVE files/beat-AC_param.csv,2,-2.6409731505809293,-32.12511487590185,-31.580171942002018,4.7261805342993e-4,beat-AC,0-0-0-1,group_0,iy,4974.358974358975,1,1,beat,1,0.19,#,NA,B,T,B,TRUE,internal
/Users/stellatakvoryan/Documents/ASC/FAVE files/beat-AC_param.csv,3,3.0660969830607674,-13.9295713001062,-35.81561114279656,4.7261805342993e-4,beat-AC,0-0-0-1,group_0,iy,4974.358974358975,1,1,beat,1,0.19,#,NA,B,T,B,TRUE,internal
/Users/stellatakvoryan/Documents/ASC/FAVE files/beat-AC_param.csv,4,2.7933210103921855,-8.375671104282938,-9.415188341481093,4.7261805342993e-4,beat-AC,0-0-0-1,group_0,iy,4974.358974358975,1,1,beat,1,0.19,#,NA,B,T,B,TRUE,internal
/Users/stellatakvoryan/Documents/ASC/FAVE files/beat-KL_param.csv,0,195.41377316445636,1600.1088620255634,2019.5494942265448,8.9794896358726e-4,beat-KL,0-0-1-1,group_0,iy,6769.2307692307695,1,2,beat,1,0.15999999999999998,NA,NA,B,T,B,TRUE,internal
/Users/stellatakvoryan/Documents/ASC/FAVE files/beat-KL_param.csv,1,24.0452027057796,-13.312338185500868,8.07986760558906,8.9794896358726e-4,beat-KL,0-0-1-1,group_0,iy,6769.2307692307695,1,2,beat,1,0.15999999999999998,NA,NA,B,T,B,TRUE,internal
/Users/stellatakvoryan/Documents/ASC/FAVE files/beat-KL_param.csv,2,5.415477061155428,1.1348451272633324,15.534180984118086,8.9794896358726e-4,beat-KL,0-0-1-1,group_0,iy,6769.2307692307695,1,2,beat,1,0.15999999999999998,NA,NA,B,T,B,TRUE,internal
/Users/stellatakvoryan/Documents/ASC/FAVE files/beat-KL_param.csv,3,2.1507839406936196,-0.33825999055292877,3.03593483353192,8.9794896358726e-4,beat-KL,0-0-1-1,group_0,iy,6769.2307692307695,1,2,beat,1,0.15999999999999998,NA,NA,B,T,B,TRUE,internal
/Users/stellatakvoryan/Documents/ASC/FAVE files/beat-KL_param.csv,4,3.548371200327064,7.836756088208669,15.969536454708026,8.9794896358726e-4,beat-KL,0-0-1-1,group_0,iy,6769.2307692307695,1,2,beat,1,0.15999999999999998,NA,NA,B,T,B,TRUE,internal
/Users/stellatakvoryan/Documents/ASC/FAVE files/beat-SO_param.csv,0,196.02956821062415,1639.4551543257355,2290.693146194657,1.4828713618571e-4,beat-SO,0-0-0-1,group_0,iy,6948.717948717948,1,2,beat,1,0.16000000000000003,#,NA,B,T,B,TRUE,internal
/Users/stellatakvoryan/Documents/ASC/FAVE files/beat-SO_param.csv,1,1.5448062835353855,1.8973967587702456,-24.692172331569378,1.4828713618571e-4,beat-SO,0-0-0-1,group_0,iy,6948.717948717948,1,2,beat,1,0.16000000000000003,#,NA,B,T,B,TRUE,internal
/Users/stellatakvoryan/Documents/ASC/FAVE files/beat-SO_param.csv,2,0.4387362499521855,-12.62314916769153,-18.21934206624138,1.4828713618571e-4,beat-SO,0-0-0-1,group_0,iy,6948.717948717948,1,2,beat,1,0.16000000000000003,#,NA,B,T,B,TRUE,internal
/Users/stellatakvoryan/Documents/ASC/FAVE files/beat-SO_param.csv,3,-0.24555409179064824,6.960395114208516,9.012818146835436,1.4828713618571e-4,beat-SO,0-0-0-1,group_0,iy,6948.717948717948,1,2,beat,1,0.16000000000000003,#,NA,B,T,B,TRUE,internal
/Users/stellatakvoryan/Documents/ASC/FAVE files/beat-SO_param.csv,4,-0.22924175676589229,-10.26345491628768,-10.817135644778592,1.4828713618571e-4,beat-SO,0-0-0-1,group_0,iy,6948.717948717948,1,2,beat,1,0.16000000000000003,#,NA,B,T,B,TRUE,internal
/Users/stellatakvoryan/Documents/ASC/FAVE files/beat-W3_param.csv,0,171.6395904028792,1642.415220885156,2419.1172196117723,8.8717272687509e-4,beat-W3,0-0-1-1,group_0,iy,5692.3076923076915,1,2,beat,1,0.12,NA,NA,B,T,B,TRUE,internal
/Users/stellatakvoryan/Documents/ASC/FAVE files/beat-W3_param.csv,1,3.05992182652748,-19.60008331504337,9.588681976563244,8.8717272687509e-4,beat-W3,0-0-1-1,group_0,iy,5692.3076923076915,1,2,beat,1,0.12,NA,NA,B,T,B,TRUE,internal
/Users/stellatakvoryan/Documents/ASC/FAVE files/beat-W3_param.csv,2,4.396011599629509,-8.55755904391104,-15.342448325674988,8.8717272687509e-4,beat-W3,0-0-1-1,group_0,iy,5692.3076923076915,1,2,beat,1,0.12,NA,NA,B,T,B,TRUE,internal
/Users/stellatakvoryan/Documents/ASC/FAVE files/beat-W3_param.csv,3,-3.5851851253922837,0.6477786082908119,-17.426720053852723,8.8717272687509e-4,beat-W3,0-0-1-1,group_0,iy,5692.3076923076915,1,2,beat,1,0.12,NA,NA,B,T,B,TRUE,internal
/Users/stellatakvoryan/Documents/ASC/FAVE files/beat-W3_param.csv,4,0.6801882385273141,-4.68107136895076,-4.945877533432019,8.8717272687509e-4,beat-W3,0-0-1-1,group_0,iy,5692.3076923076915,1,2,beat,1,0.12,NA,NA,B,T,B,TRUE,internal
/Users/stellatakvoryan/Documents/ASC/FAVE files/beat-W6_param.csv,0,185.38315620395457,1848.8095946539172,2626.4174280431207,5.9480683603081e-4,beat-W6,0-0-1-1,group_0,iy,8025.641025641025,1,2,beat,1,0.15999999999999998,NA,NA,B,T,B,TRUE,internal
/Users/stellatakvoryan/Documents/ASC/FAVE files/beat-W6_param.csv,1,8.122102433691257,-25.154100119717643,-93.98245803740367,5.9480683603081e-4,beat-W6,0-0-1-1,group_0,iy,8025.641025641025,1,2,beat,1,0.15999999999999998,NA,NA,B,T,B,TRUE,internal
/Users/stellatakvoryan/Documents/ASC/FAVE files/beat-W6_param.csv,2,2.116722921009551,-12.565977062325484,10.848266138153186,5.9480683603081e-4,beat-W6,0-0-1-1,group_0,iy,8025.641025641025,1,2,beat,1,0.15999999999999998,NA,NA,B,T,B,TRUE,internal
/Users/stellatakvoryan/Documents/ASC/FAVE files/beat-W6_param.csv,3,-1.7607987456341652,5.828951881790821,10.491506734292924,5.9480683603081e-4,beat-W6,0-0-1-1,group_0,iy,8025.641025641025,1,2,beat,1,0.15999999999999998,NA,NA,B,T,B,TRUE,internal
/Users/stellatakvoryan/Documents/ASC/FAVE files/beat-W6_param.csv,4,2.123805707519968,-17.424176554792005,-9.56680611856862,5.9480683603081e-4,beat-W6,0-0-1-1,group_0,iy,8025.641025641025,1,2,beat,1,0.15999999999999998,NA,NA,B,T,B,TRUE,internal
/Users/stellatakvoryan/Documents/ASC/FAVE files/beat-W9_param.csv,0,176.94701175727803,1439.3661723511325,2146.9549789671664,4.9030585569487e-4,beat-W9,0-0-1-1,group_0,iy,6410.25641025641,1,1,beat,1,0.12,NA,NA,B,T,B,TRUE,internal
/Users/stellatakvoryan/Documents/ASC/FAVE files/beat-W9_param.csv,1,-0.7696285492459197,-14.986587260424914,-16.876565353207717,4.9030585569487e-4,beat-W9,0-0-1-1,group_0,iy,6410.25641025641,1,1,beat,1,0.12,NA,NA,B,T,B,TRUE,internal
/Users/stellatakvoryan/Documents/ASC/FAVE files/beat-W9_param.csv,2,1.875651272751444,-6.745983851178088,-2.6126013840315805,4.9030585569487e-4,beat-W9,0-0-1-1,group_0,iy,6410.25641025641,1,1,beat,1,0.12,NA,NA,B,T,B,TRUE,internal
/Users/stellatakvoryan/Documents/ASC/FAVE files/beat-W9_param.csv,3,1.4555291121126357,-1.937036210063896,-6.753925166642138,4.9030585569487e-4,beat-W9,0-0-1-1,group_0,iy,6410.25641025641,1,1,beat,1,0.12,NA,NA,B,T,B,TRUE,internal
/Users/stellatakvoryan/Documents/ASC/FAVE files/beat-W9_param.csv,4,-1.7405476540033908,0.29959488701169784,-7.335739060094775,4.9030585569487e-4,beat-W9,0-0-1-1,group_0,iy,6410.25641025641,1,1,beat,1,0.12,NA,NA,B,T,B,TRUE,internal
/Users/stellatakvoryan/Documents/ASC/FAVE files/bet-AC_param.csv,0,391.851255948806,1282.4232790228637,2134.7155587161383,3.9801036244267e-4,bet-AC,0-0-0-1,group_0,e,7487.179487179487,1,2,bet,1,0.2,#,NA,B,T,B,TRUE,internal
/Users/stellatakvoryan/Documents/ASC/FAVE files/bet-AC_param.csv,1,-15.463154054416968,36.05921593464291,-12.079494363815195,3.9801036244267e-4,bet-AC,0-0-0-1,group_0,e,7487.179487179487,1,2,bet,1,0.2,#,NA,B,T,B,TRUE,internal
/Users/stellatakvoryan/Documents/ASC/FAVE files/bet-AC_param.csv,2,18.95528707786719,-43.19039493632602,36.912474710151145,3.9801036244267e-4,bet-AC,0-0-0-1,group_0,e,7487.179487179487,1,2,bet,1,0.2,#,NA,B,T,B,TRUE,internal
/Users/stellatakvoryan/Documents/ASC/FAVE files/bet-AC_param.csv,3,8.10052540018339,-6.8461551324320595,-25.04950123329847,3.9801036244267e-4,bet-AC,0-0-0-1,group_0,e,7487.179487179487,1,2,bet,1,0.2,#,NA,B,T,B,TRUE,internal
/Users/stellatakvoryan/Documents/ASC/FAVE files/bet-AC_param.csv,4,3.7844989162820655,-18.423050933296977,3.9816403864409264,3.9801036244267e-4,bet-AC,0-0-0-1,group_0,e,7487.179487179487,1,2,bet,1,0.2,#,NA,B,T,B,TRUE,internal
/Users/stellatakvoryan/Documents/ASC/FAVE files/bet-KL_param.csv,0,330.34725224162827,1382.748671932001,1867.8650922273953,4.7327723998107e-4,bet-KL,0-0-1-1,group_0,e,6410.25641025641,1,2,bet,1,0.16999999999999998,NA,NA,B,T,B,TRUE,internal
/Users/stellatakvoryan/Documents/ASC/FAVE files/bet-KL_param.csv,1,6.824609220556729,-59.50336532971354,-28.094803815356848,4.7327723998107e-4,bet-KL,0-0-1-1,group_0,e,6410.25641025641,1,2,bet,1,0.16999999999999998,NA,NA,B,T,B,TRUE,internal
/Users/stellatakvoryan/Documents/ASC/FAVE files/bet-KL_param.csv,2,18.70233816896854,-64.780651140812,-33.23043109718033,4.7327723998107e-4,bet-KL,0-0-1-1,group_0,e,6410.25641025641,1,2,bet,1,0.16999999999999998,NA,NA,B,T,B,TRUE,internal
/Users/stellatakvoryan/Documents/ASC/FAVE files/bet-KL_param.csv,3,-1.6942900521856192,1.3306751637064234,2.8541671997396905,4.7327723998107e-4,bet-KL,0-0-1-1,group_0,e,6410.25641025641,1,2,bet,1,0.16999999999999998,NA,NA,B,T,B,TRUE,internal
/Users/stellatakvoryan/Documents/ASC/FAVE files/bet-KL_param.csv,4,2.7722574174285115,-3.842755644477455,-8.352369298959049,4.7327723998107e-4,bet-KL,0-0-1-1,group_0,e,6410.25641025641,1,2,bet,1,0.16999999999999998,NA,NA,B,T,B,TRUE,internal
/Users/stellatakvoryan/Documents/ASC/FAVE files/bet-SO_param.csv,0,421.2608657536829,1187.610751940036,1812.425942248425,2.139808832814e-5,bet-SO,0-0-0-1,group_0,e,6051.282051282051,1,2,bet,1,0.11,#,NA,B,T,B,TRUE,internal
/Users/stellatakvoryan/Documents/ASC/FAVE files/bet-SO_param.csv,1,-2.1666033206001836,-17.18264889208821,-1.7042819833656049,2.139808832814e-5,bet-SO,0-0-0-1,group_0,e,6051.282051282051,1,2,bet,1,0.11,#,NA,B,T,B,TRUE,internal
/Users/stellatakvoryan/Documents/ASC/FAVE files/bet-SO_param.csv,2,-5.066981405773791,-0.9669689503906,-1.813409450276796,2.139808832814e-5,bet-SO,0-0-0-1,group_0,e,6051.282051282051,1,2,bet,1,0.11,#,NA,B,T,B,TRUE,internal
/Users/stellatakvoryan/Documents/ASC/FAVE files/bet-SO_param.csv,3,1.29358345220553,-5.190429853727261,-3.6633971047289102,2.139808832814e-5,bet-SO,0-0-0-1,group_0,e,6051.282051282051,1,2,bet,1,0.11,#,NA,B,T,B,TRUE,internal
/Users/stellatakvoryan/Documents/ASC/FAVE files/bet-SO_param.csv,4,-2.3897239967191406,3.754813965542855,-4.477492668202202,2.139808832814e-5,bet-SO,0-0-0-1,group_0,e,6051.282051282051,1,2,bet,1,0.11,#,NA,B,T,B,TRUE,internal
/Users/stellatakvoryan/Documents/ASC/FAVE files/bet-W3_param.csv,0,453.9715389278344,1115.7490038392712,1946.2858752732784,8.569052974352e-5,bet-W3,0-0-1-1,group_0,e,6769.2307692307695,1,2,bet,1,0.09000000000000002,NA,NA,B,T,B,TRUE,internal
/Users/stellatakvoryan/Documents/ASC/FAVE files/bet-W3_param.csv,1,-37.55068142785154,29.05903485614573,23.63829377553905,8.569052974352e-5,bet-W3,0-0-1-1,group_0,e,6769.2307692307695,1,2,bet,1,0.09000000000000002,NA,NA,B,T,B,TRUE,internal
/Users/stellatakvoryan/Documents/ASC/FAVE files/bet-W3_param.csv,2,-12.542906515095083,9.335120358499134,4.328489960468081,8.569052974352e-5,bet-W3,0-0-1-1,group_0,e,6769.2307692307695,1,2,bet,1,0.09000000000000002,NA,NA,B,T,B,TRUE,internal
/Users/stellatakvoryan/Documents/ASC/FAVE files/bet-W3_param.csv,3,-3.698008939701512,-7.115989300533846,-4.4488684195522765,8.569052974352e-5,bet-W3,0-0-1-1,group_0,e,6769.2307692307695,1,2,bet,1,0.09000000000000002,NA,NA,B,T,B,TRUE,internal
/Users/stellatakvoryan/Documents/ASC/FAVE files/bet-W3_param.csv,4,-2.440867434265976,5.132420923494238,9.13722078434794,8.569052974352e-5,bet-W3,0-0-1-1,group_0,e,6769.2307692307695,1,2,bet,1,0.09000000000000002,NA,NA,B,T,B,TRUE,internal
/Users/stellatakvoryan/Documents/ASC/FAVE files/bet-W6_param.csv,0,479.5433417808656,1125.6493523957608,1789.4666666722424,1.8719364067746e-4,bet-W6,0-0-1-1,group_0,e,5333.333333333333,1,1,bet,1,0.08999999999999997,NA,NA,B,T,B,TRUE,internal
/Users/stellatakvoryan/Documents/ASC/FAVE files/bet-W6_param.csv,1,2.992152425835062,-32.252643468311334,-8.725524628095256,1.8719364067746e-4,bet-W6,0-0-1-1,group_0,e,5333.333333333333,1,1,bet,1,0.08999999999999997,NA,NA,B,T,B,TRUE,internal
/Users/stellatakvoryan/Documents/ASC/FAVE files/bet-W6_param.csv,2,-11.219754267251194,18.507311270811527,-1.127537972161377,1.8719364067746e-4,bet-W6,0-0-1-1,group_0,e,5333.333333333333,1,1,bet,1,0.08999999999999997,NA,NA,B,T,B,TRUE,internal
/Users/stellatakvoryan/Documents/ASC/FAVE files/bet-W6_param.csv,3,4.12202190380277,-2.68723892097229,-9.52672182824639,1.8719364067746e-4,bet-W6,0-0-1-1,group_0,e,5333.333333333333,1,1,bet,1,0.08999999999999997,NA,NA,B,T,B,TRUE,internal
/Users/stellatakvoryan/Documents/ASC/FAVE files/bet-W6_param.csv,4,-4.024101198750279,-15.069952219609346,11.5182294580098,1.8719364067746e-4,bet-W6,0-0-1-1,group_0,e,5333.333333333333,1,1,bet,1,0.08999999999999997,NA,NA,B,T,B,TRUE,internal
/Users/stellatakvoryan/Documents/ASC/FAVE files/bet-W9_param.csv,0,424.8556872399844,1131.3048573159715,1652.2835046015057,2.739889750372e-5,bet-W9,0-0-1-1,group_0,e,6051.282051282051,1,2,bet,1,0.07,NA,NA,B,T,B,TRUE,internal
/Users/stellatakvoryan/Documents/ASC/FAVE files/bet-W9_param.csv,1,-23.05816285093363,-0.00623756347621935,-12.982166156993502,2.739889750372e-5,bet-W9,0-0-1-1,group_0,e,6051.282051282051,1,2,bet,1,0.07,NA,NA,B,T,B,TRUE,internal
/Users/stellatakvoryan/Documents/ASC/FAVE files/bet-W9_param.csv,2,0.04691677312573195,2.284073709443926,5.162278994389094,2.739889750372e-5,bet-W9,0-0-1-1,group_0,e,6051.282051282051,1,2,bet,1,0.07,NA,NA,B,T,B,TRUE,internal
/Users/stellatakvoryan/Documents/ASC/FAVE files/bet-W9_param.csv,3,0.4187281569482582,1.33473437968395,-0.3747522455035903,2.739889750372e-5,bet-W9,0-0-1-1,group_0,e,6051.282051282051,1,2,bet,1,0.07,NA,NA,B,T,B,TRUE,internal
/Users/stellatakvoryan/Documents/ASC/FAVE files/bet-W9_param.csv,4,-1.256865177297245,-2.559679235119906,-2.16978021074228,2.739889750372e-5,bet-W9,0-0-1-1,group_0,e,6051.282051282051,1,2,bet,1,0.07,NA,NA,B,T,B,TRUE,internal
/Users/stellatakvoryan/Documents/ASC/FAVE files/bit-AC_param.csv,0,341.435822408758,1247.099866832458,1915.6141399065564,3.2885924491028e-4,bit-AC,0-0-0-1,group_0,i,5692.3076923076915,1,2,bit,1,0.19,#,NA,B,T,B,TRUE,internal
/Users/stellatakvoryan/Documents/ASC/FAVE files/bit-AC_param.csv,1,-24.59524978031685,30.446152975382393,17.25222591933357,3.2885924491028e-4,bit-AC,0-0-0-1,group_0,i,5692.3076923076915,1,2,bit,1,0.19,#,NA,B,T,B,TRUE,internal
/Users/stellatakvoryan/Documents/ASC/FAVE files/bit-AC_param.csv,2,14.468940703454356,-52.01852630566545,-38.342929845358526,3.2885924491028e-4,bit-AC,0-0-0-1,group_0,i,5692.3076923076915,1,2,bit,1,0.19,#,NA,B,T,B,TRUE,internal
/Users/stellatakvoryan/Documents/ASC/FAVE files/bit-AC_param.csv,3,-3.6195418603266742,-0.46757974167692645,-9.96676029495914,3.2885924491028e-4,bit-AC,0-0-0-1,group_0,i,5692.3076923076915,1,2,bit,1,0.19,#,NA,B,T,B,TRUE,internal
/Users/stellatakvoryan/Documents/ASC/FAVE files/bit-AC_param.csv,4,0.12984153839027027,-10.154697703963492,2.1086105885602904,3.2885924491028e-4,bit-AC,0-0-0-1,group_0,i,5692.3076923076915,1,2,bit,1,0.19,#,NA,B,T,B,TRUE,internal
/Users/stellatakvoryan/Documents/ASC/FAVE files/bit-KL_param.csv,0,267.91092676940616,1430.2136392678078,1811.0282166460177,3.551600733538e-4,bit-KL,0-0-1-1,group_0,i,4615.384615384615,1,2,bit,1,0.14,NA,NA,B,T,B,TRUE,internal
/Users/stellatakvoryan/Documents/ASC/FAVE files/bit-KL_param.csv,1,-12.18725708175502,28.908018840650445,1.0667352179711216,3.551600733538e-4,bit-KL,0-0-1-1,group_0,i,4615.384615384615,1,2,bit,1,0.14,NA,NA,B,T,B,TRUE,internal
/Users/stellatakvoryan/Documents/ASC/FAVE files/bit-KL_param.csv,2,16.17163459093454,-44.248420552901266,-22.335220376551632,3.551600733538e-4,bit-KL,0-0-1-1,group_0,i,4615.384615384615,1,2,bit,1,0.14,NA,NA,B,T,B,TRUE,internal
/Users/stellatakvoryan/Documents/ASC/FAVE files/bit-KL_param.csv,3,-0.2174212591511691,-5.253722311797648,-24.12652912595396,3.551600733538e-4,bit-KL,0-0-1-1,group_0,i,4615.384615384615,1,2,bit,1,0.14,NA,NA,B,T,B,TRUE,internal
/Users/stellatakvoryan/Documents/ASC/FAVE files/bit-KL_param.csv,4,-0.807384051973753,-6.440057508601457,-11.053074875989228,3.551600733538e-4,bit-KL,0-0-1-1,group_0,i,4615.384615384615,1,2,bit,1,0.14,NA,NA,B,T,B,TRUE,internal
/Users/stellatakvoryan/Documents/ASC/FAVE files/bit-SO_param.csv,0,323.3293640876053,1327.4720046047296,1887.825766728704,4.286028200641693e-6,bit-SO,0-0-1-1,group_0,i,6410.25641025641,1,1,bit,1,0.06,NA,NA,B,T,B,TRUE,internal
/Users/stellatakvoryan/Documents/ASC/FAVE files/bit-SO_param.csv,1,-3.5487044140816693,-0.6396484048131519,-16.204066498174523,4.286028200641693e-6,bit-SO,0-0-1-1,group_0,i,6410.25641025641,1,1,bit,1,0.06,NA,NA,B,T,B,TRUE,internal
/Users/stellatakvoryan/Documents/ASC/FAVE files/bit-SO_param.csv,2,1.316242388248963,2.758551072634716,-1.2110018985420412,4.286028200641693e-6,bit-SO,0-0-1-1,group_0,i,6410.25641025641,1,1,bit,1,0.06,NA,NA,B,T,B,TRUE,internal
/Users/stellatakvoryan/Documents/ASC/FAVE files/bit-SO_param.csv,3,-1.1513869175728255,-0.04303117195121987,1.8533654076812975,4.286028200641693e-6,bit-SO,0-0-1-1,group_0,i,6410.25641025641,1,1,bit,1,0.06,NA,NA,B,T,B,TRUE,internal
/Users/stellatakvoryan/Documents/ASC/FAVE files/bit-SO_param.csv,4,-1.4580724744734996,-0.5592560900070734,3.9107034576285336,4.286028200641693e-6,bit-SO,0-0-1-1,group_0,i,6410.25641025641,1,1,bit,1,0.06,NA,NA,B,T,B,TRUE,internal
/Users/stellatakvoryan/Documents/ASC/FAVE files/bit-W3_param.csv,0,335.971811534902,1243.9952906967144,1885.5108083248135,1.1762817549949e-4,bit-W3,0-0-1-1,group_0,i,4974.358974358975,1,1,bit,1,0.08000000000000002,NA,NA,B,T,B,TRUE,internal
/Users/stellatakvoryan/Documents/ASC/FAVE files/bit-W3_param.csv,1,-14.96608709883749,18.818572460441295,2.463698194894492,1.1762817549949e-4,bit-W3,0-0-1-1,group_0,i,4974.358974358975,1,1,bit,1,0.08000000000000002,NA,NA,B,T,B,TRUE,internal
/Users/stellatakvoryan/Documents/ASC/FAVE files/bit-W3_param.csv,2,-2.2550262683108993,4.216614613986145,12.087165532004606,1.1762817549949e-4,bit-W3,0-0-1-1,group_0,i,4974.358974358975,1,1,bit,1,0.08000000000000002,NA,NA,B,T,B,TRUE,internal
/Users/stellatakvoryan/Documents/ASC/FAVE files/bit-W3_param.csv,3,3.0054310603561323,-0.5944995316006627,-9.534589349742898,1.1762817549949e-4,bit-W3,0-0-1-1,group_0,i,4974.358974358975,1,1,bit,1,0.08000000000000002,NA,NA,B,T,B,TRUE,internal
/Users/stellatakvoryan/Documents/ASC/FAVE files/bit-W3_param.csv,4,0.3803134583061352,2.765855502509998,10.419643710661092,1.1762817549949e-4,bit-W3,0-0-1-1,group_0,i,4974.358974358975,1,1,bit,1,0.08000000000000002,NA,NA,B,T,B,TRUE,internal
/Users/stellatakvoryan/Documents/ASC/FAVE files/bit-W6_param.csv,0,317.54107933542366,1273.929275819121,1846.350583063331,4.1450750321752e-4,bit-W6,0-0-1-1,group_0,i,5153.846153846154,1,2,bit,1,0.13,NA,NA,B,T,B,TRUE,internal
/Users/stellatakvoryan/Documents/ASC/FAVE files/bit-W6_param.csv,1,-0.3576366352026727,13.062023675294808,-42.64506734875526,4.1450750321752e-4,bit-W6,0-0-1-1,group_0,i,5153.846153846154,1,2,bit,1,0.13,NA,NA,B,T,B,TRUE,internal
/Users/stellatakvoryan/Documents/ASC/FAVE files/bit-W6_param.csv,2,-0.5969761840337502,-3.5254514708648865,-6.414614184334143,4.1450750321752e-4,bit-W6,0-0-1-1,group_0,i,5153.846153846154,1,2,bit,1,0.13,NA,NA,B,T,B,TRUE,internal
/Users/stellatakvoryan/Documents/ASC/FAVE files/bit-W6_param.csv,3,-1.9909300575182711,-6.21067551369141,1.6001827705306413,4.1450750321752e-4,bit-W6,0-0-1-1,group_0,i,5153.846153846154,1,2,bit,1,0.13,NA,NA,B,T,B,TRUE,internal
/Users/stellatakvoryan/Documents/ASC/FAVE files/bit-W6_param.csv,4,-1.5557016929388252,-2.9788736931725026,-6.467668085252402,4.1450750321752e-4,bit-W6,0-0-1-1,group_0,i,5153.846153846154,1,2,bit,1,0.13,NA,NA,B,T,B,TRUE,internal
/Users/stellatakvoryan/Documents/ASC/FAVE files/bit-W9_param.csv,0,332.31967291254,1227.0691636216109,1696.9171080795666,2.94135853511e-5,bit-W9,0-0-1-1,group_0,i,6230.7692307692305,1,1,bit,1,0.08000000000000002,NA,NA,B,T,B,TRUE,internal
/Users/stellatakvoryan/Documents/ASC/FAVE files/bit-W9_param.csv,1,-18.09959756131668,-0.602681704624551,-30.08142818166879,2.94135853511e-5,bit-W9,0-0-1-1,group_0,i,6230.7692307692305,1,1,bit,1,0.08000000000000002,NA,NA,B,T,B,TRUE,internal
/Users/stellatakvoryan/Documents/ASC/FAVE files/bit-W9_param.csv,2,-4.406325849658095,-4.438838184536559,-4.477602530953641,2.94135853511e-5,bit-W9,0-0-1-1,group_0,i,6230.7692307692305,1,1,bit,1,0.08000000000000002,NA,NA,B,T,B,TRUE,internal
/Users/stellatakvoryan/Documents/ASC/FAVE files/bit-W9_param.csv,3,3.3814543907736745,-2.6036883047377315,-6.994560099947029,2.94135853511e-5,bit-W9,0-0-1-1,group_0,i,6230.7692307692305,1,1,bit,1,0.08000000000000002,NA,NA,B,T,B,TRUE,internal
/Users/stellatakvoryan/Documents/ASC/FAVE files/bit-W9_param.csv,4,1.5718999083774756,0.8066110047920204,2.7901984563937843,2.94135853511e-5,bit-W9,0-0-1-1,group_0,i,6230.7692307692305,1,1,bit,1,0.08000000000000002,NA,NA,B,T,B,TRUE,internal
/Users/stellatakvoryan/Documents/ASC/FAVE files/bite-AC_param.csv,0,526.6833378372627,900.5861941535077,1801.9683223417744,3.0949105492254e-4,bite-AC,0-0-0-1,group_0,ay,5512.820512820513,1,2,bite,1,0.26,#,NA,B,#,B,NA,final
/Users/stellatakvoryan/Documents/ASC/FAVE files/bite-AC_param.csv,1,-12.212556611964882,-31.84753787545423,-2.3652360437925366,3.0949105492254e-4,bite-AC,0-0-0-1,group_0,ay,5512.820512820513,1,2,bite,1,0.26,#,NA,B,#,B,NA,final
/Users/stellatakvoryan/Documents/ASC/FAVE files/bite-AC_param.csv,2,-13.87281292427624,-4.389180385677501,4.773506231968229,3.0949105492254e-4,bite-AC,0-0-0-1,group_0,ay,5512.820512820513,1,2,bite,1,0.26,#,NA,B,#,B,NA,final
/Users/stellatakvoryan/Documents/ASC/FAVE files/bite-AC_param.csv,3,-0.9266913266212614,-3.388030952408849,-2.263338187133336,3.0949105492254e-4,bite-AC,0-0-0-1,group_0,ay,5512.820512820513,1,2,bite,1,0.26,#,NA,B,#,B,NA,final
/Users/stellatakvoryan/Documents/ASC/FAVE files/bite-AC_param.csv,4,-6.375939982611244,-0.920442312581189,0.903299312781484,3.0949105492254e-4,bite-AC,0-0-0-1,group_0,ay,5512.820512820513,1,2,bite,1,0.26,#,NA,B,#,B,NA,final
/Users/stellatakvoryan/Documents/ASC/FAVE files/bite-KL_param.csv,0,568.5020083098876,1092.5362967334072,1717.858916187821,4.0722837695359e-4,bite-KL,0-0-0-1,group_0,ay,4615.384615384615,1,2,bite,1,0.22,#,NA,B,#,B,NA,final
/Users/stellatakvoryan/Documents/ASC/FAVE files/bite-KL_param.csv,1,2.0788211866132733,-44.027285670114466,-23.13490727550248,4.0722837695359e-4,bite-KL,0-0-0-1,group_0,ay,4615.384615384615,1,2,bite,1,0.22,#,NA,B,#,B,NA,final
/Users/stellatakvoryan/Documents/ASC/FAVE files/bite-KL_param.csv,2,-16.42384932211446,-14.304977517675884,11.87437242705126,4.0722837695359e-4,bite-KL,0-0-0-1,group_0,ay,4615.384615384615,1,2,bite,1,0.22,#,NA,B,#,B,NA,final
/Users/stellatakvoryan/Documents/ASC/FAVE files/bite-KL_param.csv,3,3.649332521812749,-14.912601796558215,-22.37792309515891,4.0722837695359e-4,bite-KL,0-0-0-1,group_0,ay,4615.384615384615,1,2,bite,1,0.22,#,NA,B,#,B,NA,final
/Users/stellatakvoryan/Documents/ASC/FAVE files/bite-KL_param.csv,4,-5.636048759914948,2.83211999919902,11.0360038624658,4.0722837695359e-4,bite-KL,0-0-0-1,group_0,ay,4615.384615384615,1,2,bite,1,0.22,#,NA,B,#,B,NA,final
/Users/stellatakvoryan/Documents/ASC/FAVE files/bite-SO_param.csv,0,446.4180449368656,1100.1819682122002,1717.8656409772668,1.2183427086558e-4,bite-SO,0-0-0-1,group_0,ay0,4615.384615384615,1,1,bite,1,0.15,#,NA,B,T,B,TRUE,internal
/Users/stellatakvoryan/Documents/ASC/FAVE files/bite-SO_param.csv,1,64.48757988911667,-219.77177379200825,24.983392169644578,1.2183427086558e-4,bite-SO,0-0-0-1,group_0,ay0,4615.384615384615,1,1,bite,1,0.15,#,NA,B,T,B,TRUE,internal
/Users/stellatakvoryan/Documents/ASC/FAVE files/bite-SO_param.csv,2,-37.66650442169466,19.121898504959844,35.574808651613964,1.2183427086558e-4,bite-SO,0-0-0-1,group_0,ay0,4615.384615384615,1,1,bite,1,0.15,#,NA,B,T,B,TRUE,internal
/Users/stellatakvoryan/Documents/ASC/FAVE files/bite-SO_param.csv,3,-7.935345839585041,-3.922891304133618,-7.203899643541732,1.2183427086558e-4,bite-SO,0-0-0-1,group_0,ay0,4615.384615384615,1,1,bite,1,0.15,#,NA,B,T,B,TRUE,internal
/Users/stellatakvoryan/Documents/ASC/FAVE files/bite-SO_param.csv,4,5.447916381349496,-2.4869890524167273,2.500327071653386,1.2183427086558e-4,bite-SO,0-0-0-1,group_0,ay0,4615.384615384615,1,1,bite,1,0.15,#,NA,B,T,B,TRUE,internal
/Users/stellatakvoryan/Documents/ASC/FAVE files/bite-W3_param.csv,0,398.7042351905234,1201.1726843314432,1806.2756785967615,1.8263022199744e-4,bite-W3,0-0-1-1,group_0,ay0,4794.871794871795,1,1,bite,1,0.11999999999999995,NA,NA,B,T,B,TRUE,internal
/Users/stellatakvoryan/Documents/ASC/FAVE files/bite-W3_param.csv,1,72.89634600447624,-199.03524114610948,-58.8221460294148,1.8263022199744e-4,bite-W3,0-0-1-1,group_0,ay0,4794.871794871795,1,1,bite,1,0.11999999999999995,NA,NA,B,T,B,TRUE,internal
/Users/stellatakvoryan/Documents/ASC/FAVE files/bite-W3_param.csv,2,-12.467991050323716,-5.954606329276163,17.56897343446056,1.8263022199744e-4,bite-W3,0-0-1-1,group_0,ay0,4794.871794871795,1,1,bite,1,0.11999999999999995,NA,NA,B,T,B,TRUE,internal
/Users/stellatakvoryan/Documents/ASC/FAVE files/bite-W3_param.csv,3,-5.236514856571504,-11.65785968160927,-7.143712445570033,1.8263022199744e-4,bite-W3,0-0-1-1,group_0,ay0,4794.871794871795,1,1,bite,1,0.11999999999999995,NA,NA,B,T,B,TRUE,internal
/Users/stellatakvoryan/Documents/ASC/FAVE files/bite-W3_param.csv,4,-3.0934520348630956,-5.5594527483141345,3.5611744749294822,1.8263022199744e-4,bite-W3,0-0-1-1,group_0,ay0,4794.871794871795,1,1,bite,1,0.11999999999999995,NA,NA,B,T,B,TRUE,internal
/Users/stellatakvoryan/Documents/ASC/FAVE files/bite-W6_param.csv,0,437.6125080619979,1234.676884053529,1832.715077612804,8.6273019945926e-4,bite-W6,0-0-1-1,group_0,ay0,5333.333333333333,1,2,bite,1,0.14999999999999997,NA,NA,B,T,B,TRUE,internal
/Users/stellatakvoryan/Documents/ASC/FAVE files/bite-W6_param.csv,1,103.9321144466989,-261.9657622050767,-37.62847080966866,8.6273019945926e-4,bite-W6,0-0-1-1,group_0,ay0,5333.333333333333,1,2,bite,1,0.14999999999999997,NA,NA,B,T,B,TRUE,internal
/Users/stellatakvoryan/Documents/ASC/FAVE files/bite-W6_param.csv,2,-12.48613946018031,-7.163208232762336,42.205884283943,8.6273019945926e-4,bite-W6,0-0-1-1,group_0,ay0,5333.333333333333,1,2,bite,1,0.14999999999999997,NA,NA,B,T,B,TRUE,internal
/Users/stellatakvoryan/Documents/ASC/FAVE files/bite-W6_param.csv,3,-5.108257142623135,-6.0029404241673205,1.003259574766222,8.6273019945926e-4,bite-W6,0-0-1-1,group_0,ay0,5333.333333333333,1,2,bite,1,0.14999999999999997,NA,NA,B,T,B,TRUE,internal
/Users/stellatakvoryan/Documents/ASC/FAVE files/bite-W6_param.csv,4,-7.607356857744629,14.75583463497607,9.95833836767425,8.6273019945926e-4,bite-W6,0-0-1-1,group_0,ay0,5333.333333333333,1,2,bite,1,0.14999999999999997,NA,NA,B,T,B,TRUE,internal
/Users/stellatakvoryan/Documents/ASC/FAVE files/bite-W9_param.csv,0,421.6184068928791,1003.314529638965,1516.7377549032876,2.8036718430566e-4,bite-W9,0-0-1-1,group_0,ay0,4615.384615384615,1,2,bite,1,0.09000000000000002,NA,NA,B,T,B,TRUE,internal
/Users/stellatakvoryan/Documents/ASC/FAVE files/bite-W9_param.csv,1,18.671527242245418,-100.60373648172629,32.14552133566108,2.8036718430566e-4,bite-W9,0-0-1-1,group_0,ay0,4615.384615384615,1,2,bite,1,0.09000000000000002,NA,NA,B,T,B,TRUE,internal
/Users/stellatakvoryan/Documents/ASC/FAVE files/bite-W9_param.csv,2,-13.871353817667186,1.4045384469267006,-2.3252393558252886,2.8036718430566e-4,bite-W9,0-0-1-1,group_0,ay0,4615.384615384615,1,2,bite,1,0.09000000000000002,NA,NA,B,T,B,TRUE,internal
/Users/stellatakvoryan/Documents/ASC/FAVE files/bite-W9_param.csv,3,0.3011390781924517,-12.528260409109423,0.3273915949105584,2.8036718430566e-4,bite-W9,0-0-1-1,group_0,ay0,4615.384615384615,1,2,bite,1,0.09000000000000002,NA,NA,B,T,B,TRUE,internal
/Users/stellatakvoryan/Documents/ASC/FAVE files/bite-W9_param.csv,4,-5.807890397848125,1.7747600775811652,-1.6127830468359838,2.8036718430566e-4,bite-W9,0-0-1-1,group_0,ay0,4615.384615384615,1,2,bite,1,0.09000000000000002,NA,NA,B,T,B,TRUE,internal
/Users/stellatakvoryan/Documents/ASC/FAVE files/boat-AC_param.csv,0,359.26743840405754,806.3520312190981,1538.9198677266236,2.8899077529655e-4,boat-AC,0-0-0-1,group_0,ow,4615.384615384615,1,2,boat,1,0.17,#,NA,B,T,B,TRUE,internal
/Users/stellatakvoryan/Documents/ASC/FAVE files/boat-AC_param.csv,1,42.17432472689844,82.53890443146166,53.28390164131938,2.8899077529655e-4,boat-AC,0-0-0-1,group_0,ow,4615.384615384615,1,2,boat,1,0.17,#,NA,B,T,B,TRUE,internal
/Users/stellatakvoryan/Documents/ASC/FAVE files/boat-AC_param.csv,2,-15.558308728129449,-24.011144570731012,-4.486840017602663,2.8899077529655e-4,boat-AC,0-0-0-1,group_0,ow,4615.384615384615,1,2,boat,1,0.17,#,NA,B,T,B,TRUE,internal
/Users/stellatakvoryan/Documents/ASC/FAVE files/boat-AC_param.csv,3,4.797685124151256,16.569812025581722,-12.869945960109154,2.8899077529655e-4,boat-AC,0-0-0-1,group_0,ow,4615.384615384615,1,2,boat,1,0.17,#,NA,B,T,B,TRUE,internal
/Users/stellatakvoryan/Documents/ASC/FAVE files/boat-AC_param.csv,4,-3.694228965674779,-0.6332864779025311,-23.18304632117687,2.8899077529655e-4,boat-AC,0-0-0-1,group_0,ow,4615.384615384615,1,2,boat,1,0.17,#,NA,B,T,B,TRUE,internal
/Users/stellatakvoryan/Documents/ASC/FAVE files/boat-KL_param.csv,0,350.15589022308393,781.9660228691068,1708.80740756748,7.4644154043457e-4,boat-KL,0-0-1-1,group_0,ow,4794.871794871795,1,1,boat,1,0.18000000000000002,NA,NA,B,T,B,TRUE,internal
/Users/stellatakvoryan/Documents/ASC/FAVE files/boat-KL_param.csv,1,69.78767269395168,65.30945902216679,77.12862415743307,7.4644154043457e-4,boat-KL,0-0-1-1,group_0,ow,4794.871794871795,1,1,boat,1,0.18000000000000002,NA,NA,B,T,B,TRUE,internal
/Users/stellatakvoryan/Documents/ASC/FAVE files/boat-KL_param.csv,2,-6.755081572285456,-27.707797063046804,-20.315813606951572,7.4644154043457e-4,boat-KL,0-0-1-1,group_0,ow,4794.871794871795,1,1,boat,1,0.18000000000000002,NA,NA,B,T,B,TRUE,internal
/Users/stellatakvoryan/Documents/ASC/FAVE files/boat-KL_param.csv,3,-2.4394321553159,-7.810659694364731,-3.7233609070016778,7.4644154043457e-4,boat-KL,0-0-1-1,group_0,ow,4794.871794871795,1,1,boat,1,0.18000000000000002,NA,NA,B,T,B,TRUE,internal
/Users/stellatakvoryan/Documents/ASC/FAVE files/boat-KL_param.csv,4,-6.6437028160561,-0.4666898458618012,-2.550634331873603,7.4644154043457e-4,boat-KL,0-0-1-1,group_0,ow,4794.871794871795,1,1,boat,1,0.18000000000000002,NA,NA,B,T,B,TRUE,internal
/Users/stellatakvoryan/Documents/ASC/FAVE files/boat-SO_param.csv,0,312.9188113369987,828.3949464865448,1565.1806254926296,0.0010764549906473,boat-SO,0-0-0-1,group_0,ow,3717.948717948718,1,2,boat,1,0.13,#,NA,B,T,B,TRUE,internal
/Users/stellatakvoryan/Documents/ASC/FAVE files/boat-SO_param.csv,1,47.5842278578929,118.31038806777748,41.89833481507687,0.0010764549906473,boat-SO,0-0-0-1,group_0,ow,3717.948717948718,1,2,boat,1,0.13,#,NA,B,T,B,TRUE,internal
/Users/stellatakvoryan/Documents/ASC/FAVE files/boat-SO_param.csv,2,-10.34817550969839,-38.99882943680169,28.779211928628047,0.0010764549906473,boat-SO,0-0-0-1,group_0,ow,3717.948717948718,1,2,boat,1,0.13,#,NA,B,T,B,TRUE,internal
/Users/stellatakvoryan/Documents/ASC/FAVE files/boat-SO_param.csv,3,-2.054519979251652,13.917194282912474,-49.59680764028927,0.0010764549906473,boat-SO,0-0-0-1,group_0,ow,3717.948717948718,1,2,boat,1,0.13,#,NA,B,T,B,TRUE,internal
/Users/stellatakvoryan/Documents/ASC/FAVE files/boat-SO_param.csv,4,1.7783403924553145,-2.190369133867886,24.159942898953663,0.0010764549906473,boat-SO,0-0-0-1,group_0,ow,3717.948717948718,1,2,boat,1,0.13,#,NA,B,T,B,TRUE,internal
/Users/stellatakvoryan/Documents/ASC/FAVE files/boat-W3_param.csv,0,350.2403289990968,661.9525902704016,1183.5944025037377,0.00245581400647261,boat-W3,0-0-1-1,group_0,ow,3717.948717948718,1,2,boat,1,0.12,NA,NA,B,T,B,TRUE,internal
/Users/stellatakvoryan/Documents/ASC/FAVE files/boat-W3_param.csv,1,18.09917190805526,32.09298207550799,-1.4006683614166155,0.00245581400647261,boat-W3,0-0-1-1,group_0,ow,3717.948717948718,1,2,boat,1,0.12,NA,NA,B,T,B,TRUE,internal
/Users/stellatakvoryan/Documents/ASC/FAVE files/boat-W3_param.csv,2,-7.3384499442533055,1.0768947774036195,-6.601789466412466,0.00245581400647261,boat-W3,0-0-1-1,group_0,ow,3717.948717948718,1,2,boat,1,0.12,NA,NA,B,T,B,TRUE,internal
/Users/stellatakvoryan/Documents/ASC/FAVE files/boat-W3_param.csv,3,-0.3282163184900132,-0.8135168450464477,22.8038104857278,0.00245581400647261,boat-W3,0-0-1-1,group_0,ow,3717.948717948718,1,2,boat,1,0.12,NA,NA,B,T,B,TRUE,internal
/Users/stellatakvoryan/Documents/ASC/FAVE files/boat-W3_param.csv,4,-1.1373000526785233,3.579233944956531,-13.613691441050992,0.00245581400647261,boat-W3,0-0-1-1,group_0,ow,3717.948717948718,1,2,boat,1,0.12,NA,NA,B,T,B,TRUE,internal
/Users/stellatakvoryan/Documents/ASC/FAVE files/boat-W6_param.csv,0,343.6721143986574,761.7324842551185,1849.9298745419285,1.4835544321188e-4,boat-W6,0-0-1-1,group_0,ow,4615.384615384615,1,2,boat,1,0.14999999999999997,NA,NA,B,T,B,TRUE,internal
/Users/stellatakvoryan/Documents/ASC/FAVE files/boat-W6_param.csv,1,52.466257784302,60.720873152651016,4.197477250998269,1.4835544321188e-4,boat-W6,0-0-1-1,group_0,ow,4615.384615384615,1,2,boat,1,0.14999999999999997,NA,NA,B,T,B,TRUE,internal
/Users/stellatakvoryan/Documents/ASC/FAVE files/boat-W6_param.csv,2,-7.39282383374792,-11.365967378491504,-4.670584250120373,1.4835544321188e-4,boat-W6,0-0-1-1,group_0,ow,4615.384615384615,1,2,boat,1,0.14999999999999997,NA,NA,B,T,B,TRUE,internal
/Users/stellatakvoryan/Documents/ASC/FAVE files/boat-W6_param.csv,3,2.249648369038976,3.243885146143819,5.246701735113676,1.4835544321188e-4,boat-W6,0-0-1-1,group_0,ow,4615.384615384615,1,2,boat,1,0.14999999999999997,NA,NA,B,T,B,TRUE,internal
/Users/stellatakvoryan/Documents/ASC/FAVE files/boat-W6_param.csv,4,-3.068073912425233,-1.821248621654572,-4.019647605074511,1.4835544321188e-4,boat-W6,0-0-1-1,group_0,ow,4615.384615384615,1,2,boat,1,0.14999999999999997,NA,NA,B,T,B,TRUE,internal
/Users/stellatakvoryan/Documents/ASC/FAVE files/boat-W9_param.csv,0,375.2508851197365,769.1819285049116,1532.7767150997013,9.026922498364e-5,boat-W9,0-0-1-1,group_0,ow,4435.897435897436,1,2,boat,1,0.13,NA,NA,B,T,B,TRUE,internal
/Users/stellatakvoryan/Documents/ASC/FAVE files/boat-W9_param.csv,1,25.99210403047608,45.50671376329483,17.459077908057974,9.026922498364e-5,boat-W9,0-0-1-1,group_0,ow,4435.897435897436,1,2,boat,1,0.13,NA,NA,B,T,B,TRUE,internal
/Users/stellatakvoryan/Documents/ASC/FAVE files/boat-W9_param.csv,2,-10.938758836647684,-1.3650780613952698,-3.752806791709612,9.026922498364e-5,boat-W9,0-0-1-1,group_0,ow,4435.897435897436,1,2,boat,1,0.13,NA,NA,B,T,B,TRUE,internal
/Users/stellatakvoryan/Documents/ASC/FAVE files/boat-W9_param.csv,3,-0.1652377769305328,4.451786483071616,3.18115888773508,9.026922498364e-5,boat-W9,0-0-1-1,group_0,ow,4435.897435897436,1,2,boat,1,0.13,NA,NA,B,T,B,TRUE,internal
/Users/stellatakvoryan/Documents/ASC/FAVE files/boat-W9_param.csv,4,-1.067903084958638,2.0771397253246326,-2.262449617793951,9.026922498364e-5,boat-W9,0-0-1-1,group_0,ow,4435.897435897436,1,2,boat,1,0.13,NA,NA,B,T,B,TRUE,internal
/Users/stellatakvoryan/Documents/ASC/FAVE files/boot-AC_param.csv,0,305.7712764845451,995.1876159952524,1443.053344315521,7.4870745563598e-4,boot-AC,0-0-0-1,group_0,uw,4076.923076923077,1,2,boot,1,0.19,#,NA,B,T,B,TRUE,internal
/Users/stellatakvoryan/Documents/ASC/FAVE files/boot-AC_param.csv,1,43.704968831194584,5.396806268343389,23.04421304831978,7.4870745563598e-4,boot-AC,0-0-0-1,group_0,uw,4076.923076923077,1,2,boot,1,0.19,#,NA,B,T,B,TRUE,internal
/Users/stellatakvoryan/Documents/ASC/FAVE files/boot-AC_param.csv,2,-4.013094747127714,-41.89275100129768,-10.205737379016009,7.4870745563598e-4,boot-AC,0-0-0-1,group_0,uw,4076.923076923077,1,2,boot,1,0.19,#,NA,B,T,B,TRUE,internal
/Users/stellatakvoryan/Documents/ASC/FAVE files/boot-AC_param.csv,3,-2.503816414856462,0.485201038145275,-4.283188886857811,7.4870745563598e-4,boot-AC,0-0-0-1,group_0,uw,4076.923076923077,1,2,boot,1,0.19,#,NA,B,T,B,TRUE,internal
/Users/stellatakvoryan/Documents/ASC/FAVE files/boot-AC_param.csv,4,-1.5776293047487413,-2.9352049720339997,4.2850403965872434,7.4870745563598e-4,boot-AC,0-0-0-1,group_0,uw,4076.923076923077,1,2,boot,1,0.19,#,NA,B,T,B,TRUE,internal
/Users/stellatakvoryan/Documents/ASC/FAVE files/boot-KL_param.csv,0,279.33830697879904,1182.1962311044506,1600.6196898115495,2.9148171012345e-4,boot-KL,0-0-0-1,group_0,uw,4076.923076923077,1,2,boot,1,0.2,#,NA,B,T,B,TRUE,internal
/Users/stellatakvoryan/Documents/ASC/FAVE files/boot-KL_param.csv,1,47.05526059602272,-19.44247852423646,70.20507669642045,2.9148171012345e-4,boot-KL,0-0-0-1,group_0,uw,4076.923076923077,1,2,boot,1,0.2,#,NA,B,T,B,TRUE,internal
/Users/stellatakvoryan/Documents/ASC/FAVE files/boot-KL_param.csv,2,1.1976925395183793,-57.6630135790015,-9.908159474365014,2.9148171012345e-4,boot-KL,0-0-0-1,group_0,uw,4076.923076923077,1,2,boot,1,0.2,#,NA,B,T,B,TRUE,internal
/Users/stellatakvoryan/Documents/ASC/FAVE files/boot-KL_param.csv,3,-0.6097436645950862,14.242775459191016,-3.2312363222878737,2.9148171012345e-4,boot-KL,0-0-0-1,group_0,uw,4076.923076923077,1,2,boot,1,0.2,#,NA,B,T,B,TRUE,internal
/Users/stellatakvoryan/Documents/ASC/FAVE files/boot-KL_param.csv,4,-6.389496882458205,-12.126303769187992,1.869148766949827,2.9148171012345e-4,boot-KL,0-0-0-1,group_0,uw,4076.923076923077,1,2,boot,1,0.2,#,NA,B,T,B,TRUE,internal
/Users/stellatakvoryan/Documents/ASC/FAVE files/boot-SO_param.csv,0,230.79273305464528,1019.6670380258648,1542.510193918832,6.4466113761738e-4,boot-SO,0-0-0-1,group_0,uw,3717.948717948718,1,2,boot,1,0.15,#,NA,B,T,B,TRUE,internal
/Users/stellatakvoryan/Documents/ASC/FAVE files/boot-SO_param.csv,1,10.61683909136384,53.781445291246776,13.421380179649736,6.4466113761738e-4,boot-SO,0-0-0-1,group_0,uw,3717.948717948718,1,2,boot,1,0.15,#,NA,B,T,B,TRUE,internal
/Users/stellatakvoryan/Documents/ASC/FAVE files/boot-SO_param.csv,2,1.2697642921314027,-10.71360919410204,-5.089439594574138,6.4466113761738e-4,boot-SO,0-0-0-1,group_0,uw,3717.948717948718,1,2,boot,1,0.15,#,NA,B,T,B,TRUE,internal
/Users/stellatakvoryan/Documents/ASC/FAVE files/boot-SO_param.csv,3,5.687685455201785,5.0634309578498105,-0.6461896218171757,6.4466113761738e-4,boot-SO,0-0-0-1,group_0,uw,3717.948717948718,1,2,boot,1,0.15,#,NA,B,T,B,TRUE,internal
/Users/stellatakvoryan/Documents/ASC/FAVE files/boot-SO_param.csv,4,-4.764152174417726,-3.766321255563553,-0.03273770334649534,6.4466113761738e-4,boot-SO,0-0-0-1,group_0,uw,3717.948717948718,1,2,boot,1,0.15,#,NA,B,T,B,TRUE,internal
/Users/stellatakvoryan/Documents/ASC/FAVE files/boot-W3_param.csv,0,223.43903733171567,717.7826687563843,1503.8363917464578,7.1903032571254e-4,boot-W3,0-0-1-1,group_0,uw,3538.4615384615386,1,2,boot,1,0.12,NA,NA,B,T,B,TRUE,internal
/Users/stellatakvoryan/Documents/ASC/FAVE files/boot-W3_param.csv,1,4.467457214409374,8.157086612366815,-29.74383420205972,7.1903032571254e-4,boot-W3,0-0-1-1,group_0,uw,3538.4615384615386,1,2,boot,1,0.12,NA,NA,B,T,B,TRUE,internal
/Users/stellatakvoryan/Documents/ASC/FAVE files/boot-W3_param.csv,2,3.3130136398645837,31.54076018159208,-8.859212218256367,7.1903032571254e-4,boot-W3,0-0-1-1,group_0,uw,3538.4615384615386,1,2,boot,1,0.12,NA,NA,B,T,B,TRUE,internal
/Users/stellatakvoryan/Documents/ASC/FAVE files/boot-W3_param.csv,3,-0.6477785722220184,-4.875257422351803,-11.220873239549771,7.1903032571254e-4,boot-W3,0-0-1-1,group_0,uw,3538.4615384615386,1,2,boot,1,0.12,NA,NA,B,T,B,TRUE,internal
/Users/stellatakvoryan/Documents/ASC/FAVE files/boot-W3_param.csv,4,0.8118768283316672,0.5523510628953651,-21.039280011358287,7.1903032571254e-4,boot-W3,0-0-1-1,group_0,uw,3538.4615384615386,1,2,boot,1,0.12,NA,NA,B,T,B,TRUE,internal
/Users/stellatakvoryan/Documents/ASC/FAVE files/boot-W6_param.csv,0,223.29529090920155,678.1327177027075,1616.6540849350029,7.4217664529252e-4,boot-W6,0-0-1-1,group_0,uw,4435.897435897436,1,1,boot,1,0.15000000000000002,NA,NA,B,T,B,TRUE,internal
/Users/stellatakvoryan/Documents/ASC/FAVE files/boot-W6_param.csv,1,11.770510663613209,0.01274612147106858,16.176327108211414,7.4217664529252e-4,boot-W6,0-0-1-1,group_0,uw,4435.897435897436,1,1,boot,1,0.15000000000000002,NA,NA,B,T,B,TRUE,internal
/Users/stellatakvoryan/Documents/ASC/FAVE files/boot-W6_param.csv,2,13.018569653764832,49.179295098868,15.403721414638571,7.4217664529252e-4,boot-W6,0-0-1-1,group_0,uw,4435.897435897436,1,1,boot,1,0.15000000000000002,NA,NA,B,T,B,TRUE,internal
/Users/stellatakvoryan/Documents/ASC/FAVE files/boot-W6_param.csv,3,-2.5405220573503886,-6.172956039580369,-11.188886726599348,7.4217664529252e-4,boot-W6,0-0-1-1,group_0,uw,4435.897435897436,1,1,boot,1,0.15000000000000002,NA,NA,B,T,B,TRUE,internal
/Users/stellatakvoryan/Documents/ASC/FAVE files/boot-W6_param.csv,4,0.8104573301450159,11.745402075846998,-6.807961444085846,7.4217664529252e-4,boot-W6,0-0-1-1,group_0,uw,4435.897435897436,1,1,boot,1,0.15000000000000002,NA,NA,B,T,B,TRUE,internal
/Users/stellatakvoryan/Documents/ASC/FAVE files/boot-W9_param.csv,0,239.50368922272628,922.95753392183,1398.2877331554344,2.7166026844868e-4,boot-W9,0-0-1-1,group_0,uw,4256.410256410256,1,2,boot,1,0.15000000000000002,NA,NA,B,T,B,TRUE,internal
/Users/stellatakvoryan/Documents/ASC/FAVE files/boot-W9_param.csv,1,12.3161016776127,19.298062155423107,-7.957938339017155,2.7166026844868e-4,boot-W9,0-0-1-1,group_0,uw,4256.410256410256,1,2,boot,1,0.15000000000000002,NA,NA,B,T,B,TRUE,internal
/Users/stellatakvoryan/Documents/ASC/FAVE files/boot-W9_param.csv,2,0.695359876347229,9.737401211884215,-0.07199667937901924,2.7166026844868e-4,boot-W9,0-0-1-1,group_0,uw,4256.410256410256,1,2,boot,1,0.15000000000000002,NA,NA,B,T,B,TRUE,internal
/Users/stellatakvoryan/Documents/ASC/FAVE files/boot-W9_param.csv,3,1.4791619814187815,-11.636725803638884,-1.436243334744054,2.7166026844868e-4,boot-W9,0-0-1-1,group_0,uw,4256.410256410256,1,2,boot,1,0.15000000000000002,NA,NA,B,T,B,TRUE,internal
/Users/stellatakvoryan/Documents/ASC/FAVE files/boot-W9_param.csv,4,-1.3503718421989308,3.53889647393013,1.4106600984009434,2.7166026844868e-4,boot-W9,0-0-1-1,group_0,uw,4256.410256410256,1,2,boot,1,0.15000000000000002,NA,NA,B,T,B,TRUE,internal
/Users/stellatakvoryan/Documents/ASC/FAVE files/bought-AC_param.csv,0,464.7460315778015,721.2258500999009,1834.4886993535536,0.00299961178869822,bought-AC,0-0-0-1,group_0,o,4435.897435897436,1,2,bought,1,0.21,#,NA,B,T,B,TRUE,internal
/Users/stellatakvoryan/Documents/ASC/FAVE files/bought-AC_param.csv,1,4.962410933755706,11.38971542309962,119.74616697525964,0.00299961178869822,bought-AC,0-0-0-1,group_0,o,4435.897435897436,1,2,bought,1,0.21,#,NA,B,T,B,TRUE,internal
/Users/stellatakvoryan/Documents/ASC/FAVE files/bought-AC_param.csv,2,-3.8992640841968633,1.6063274951678443,-79.76013090739966,0.00299961178869822,bought-AC,0-0-0-1,group_0,o,4435.897435897436,1,2,bought,1,0.21,#,NA,B,T,B,TRUE,internal
/Users/stellatakvoryan/Documents/ASC/FAVE files/bought-AC_param.csv,3,-2.6486650702247303,-12.084302125936594,35.76846310592526,0.00299961178869822,bought-AC,0-0-0-1,group_0,o,4435.897435897436,1,2,bought,1,0.21,#,NA,B,T,B,TRUE,internal
/Users/stellatakvoryan/Documents/ASC/FAVE files/bought-AC_param.csv,4,1.8693494539464777,8.917651442186715,16.77990408337782,0.00299961178869822,bought-AC,0-0-0-1,group_0,o,4435.897435897436,1,2,bought,1,0.21,#,NA,B,T,B,TRUE,internal
/Users/stellatakvoryan/Documents/ASC/FAVE files/bought-KL_param.csv,0,428.7816524234333,631.8668679648665,1934.8006702289408,7.5362037096787e-4,bought-KL,0-0-1-1,group_0,o,5512.820512820513,1,2,bought,1,0.21,NA,NA,B,T,B,TRUE,internal
/Users/stellatakvoryan/Documents/ASC/FAVE files/bought-KL_param.csv,1,-21.89366364404704,-48.77588173894204,0.37543863968253655,7.5362037096787e-4,bought-KL,0-0-1-1,group_0,o,5512.820512820513,1,2,bought,1,0.21,NA,NA,B,T,B,TRUE,internal
/Users/stellatakvoryan/Documents/ASC/FAVE files/bought-KL_param.csv,2,4.594427311493585,26.345630533464345,-22.741579207163745,7.5362037096787e-4,bought-KL,0-0-1-1,group_0,o,5512.820512820513,1,2,bought,1,0.21,NA,NA,B,T,B,TRUE,internal
/Users/stellatakvoryan/Documents/ASC/FAVE files/bought-KL_param.csv,3,-16.32154397857798,-28.702795647191117,3.0693860183927004,7.5362037096787e-4,bought-KL,0-0-1-1,group_0,o,5512.820512820513,1,2,bought,1,0.21,NA,NA,B,T,B,TRUE,internal
/Users/stellatakvoryan/Documents/ASC/FAVE files/bought-KL_param.csv,4,-4.91373663559876,9.842827955153613,-6.587675207831682,7.5362037096787e-4,bought-KL,0-0-1-1,group_0,o,5512.820512820513,1,2,bought,1,0.21,NA,NA,B,T,B,TRUE,internal
/Users/stellatakvoryan/Documents/ASC/FAVE files/bought-SO_param.csv,0,483.3807393840139,813.750892718551,1846.261211932911,1.1853465981835e-4,bought-SO,0-0-1-1,group_0,o,4076.923076923077,1,2,bought,1,0.16000000000000003,NA,NA,B,T,B,TRUE,internal
/Users/stellatakvoryan/Documents/ASC/FAVE files/bought-SO_param.csv,1,-10.823835324411734,-47.01707942183096,-6.683550556518295,1.1853465981835e-4,bought-SO,0-0-1-1,group_0,o,4076.923076923077,1,2,bought,1,0.16000000000000003,NA,NA,B,T,B,TRUE,internal
/Users/stellatakvoryan/Documents/ASC/FAVE files/bought-SO_param.csv,2,0.7455345001634144,8.642773123969596,-44.94465590637189,1.1853465981835e-4,bought-SO,0-0-1-1,group_0,o,4076.923076923077,1,2,bought,1,0.16000000000000003,NA,NA,B,T,B,TRUE,internal
/Users/stellatakvoryan/Documents/ASC/FAVE files/bought-SO_param.csv,3,-3.480548877297724,-9.13817252461655,8.944996285110022,1.1853465981835e-4,bought-SO,0-0-1-1,group_0,o,4076.923076923077,1,2,bought,1,0.16000000000000003,NA,NA,B,T,B,TRUE,internal
/Users/stellatakvoryan/Documents/ASC/FAVE files/bought-SO_param.csv,4,0.8520246726300628,3.946837684301187,-9.757264995968413,1.1853465981835e-4,bought-SO,0-0-1-1,group_0,o,4076.923076923077,1,2,bought,1,0.16000000000000003,NA,NA,B,T,B,TRUE,internal
/Users/stellatakvoryan/Documents/ASC/FAVE files/bought-W3_param.csv,0,420.1547407755288,691.5387620390453,1842.8541662037237,3.2815923444151e-4,bought-W3,0-0-1-1,group_0,o,5512.820512820513,1,1,bought,1,0.13999999999999996,NA,NA,B,T,B,TRUE,internal
/Users/stellatakvoryan/Documents/ASC/FAVE files/bought-W3_param.csv,1,-27.574310839242525,-39.96163234996452,-13.085235834089548,3.2815923444151e-4,bought-W3,0-0-1-1,group_0,o,5512.820512820513,1,1,bought,1,0.13999999999999996,NA,NA,B,T,B,TRUE,internal
/Users/stellatakvoryan/Documents/ASC/FAVE files/bought-W3_param.csv,2,7.640085978762573,22.414689796990853,-0.18464461267849933,3.2815923444151e-4,bought-W3,0-0-1-1,group_0,o,5512.820512820513,1,1,bought,1,0.13999999999999996,NA,NA,B,T,B,TRUE,internal
/Users/stellatakvoryan/Documents/ASC/FAVE files/bought-W3_param.csv,3,0.5135963205455446,-6.966056985651317,1.8965055552222825,3.2815923444151e-4,bought-W3,0-0-1-1,group_0,o,5512.820512820513,1,1,bought,1,0.13999999999999996,NA,NA,B,T,B,TRUE,internal
/Users/stellatakvoryan/Documents/ASC/FAVE files/bought-W3_param.csv,4,-7.316237140294052,5.403363469885126,-4.143500531591901,3.2815923444151e-4,bought-W3,0-0-1-1,group_0,o,5512.820512820513,1,1,bought,1,0.13999999999999996,NA,NA,B,T,B,TRUE,internal
/Users/stellatakvoryan/Documents/ASC/FAVE files/bought-W6_param.csv,0,575.2167108831864,826.6728170640088,1956.9864979313704,3.6594380896133e-4,bought-W6,0-0-1-1,group_0,o,4794.871794871795,1,2,bought,1,0.16999999999999998,NA,NA,B,T,B,TRUE,internal
/Users/stellatakvoryan/Documents/ASC/FAVE files/bought-W6_param.csv,1,-17.164945139322818,-33.91052804306441,35.36957018770349,3.6594380896133e-4,bought-W6,0-0-1-1,group_0,o,4794.871794871795,1,2,bought,1,0.16999999999999998,NA,NA,B,T,B,TRUE,internal
/Users/stellatakvoryan/Documents/ASC/FAVE files/bought-W6_param.csv,2,-3.628032022433262,2.236965040008123,-22.575345024297192,3.6594380896133e-4,bought-W6,0-0-1-1,group_0,o,4794.871794871795,1,2,bought,1,0.16999999999999998,NA,NA,B,T,B,TRUE,internal
/Users/stellatakvoryan/Documents/ASC/FAVE files/bought-W6_param.csv,3,-2.961491516601849,-7.2390239507645155,4.912411863904598,3.6594380896133e-4,bought-W6,0-0-1-1,group_0,o,4794.871794871795,1,2,bought,1,0.16999999999999998,NA,NA,B,T,B,TRUE,internal
/Users/stellatakvoryan/Documents/ASC/FAVE files/bought-W6_param.csv,4,0.4923503322893476,2.0411044695269536,-12.683571738432844,3.6594380896133e-4,bought-W6,0-0-1-1,group_0,o,4794.871794871795,1,2,bought,1,0.16999999999999998,NA,NA,B,T,B,TRUE,internal
/Users/stellatakvoryan/Documents/ASC/FAVE files/bought-W9_param.csv,0,431.62673357520487,750.1613646106402,1302.911045959276,0.00140260811315135,bought-W9,0-0-1-1,group_0,o,3717.948717948718,1,2,bought,1,0.16999999999999998,NA,NA,B,T,B,TRUE,internal
/Users/stellatakvoryan/Documents/ASC/FAVE files/bought-W9_param.csv,1,-17.910636514336066,-64.71793019763626,97.1565268278541,0.00140260811315135,bought-W9,0-0-1-1,group_0,o,3717.948717948718,1,2,bought,1,0.16999999999999998,NA,NA,B,T,B,TRUE,internal
/Users/stellatakvoryan/Documents/ASC/FAVE files/bought-W9_param.csv,2,-9.206312638959457,34.587118473515396,-36.35860726806818,0.00140260811315135,bought-W9,0-0-1-1,group_0,o,3717.948717948718,1,2,bought,1,0.16999999999999998,NA,NA,B,T,B,TRUE,internal
/Users/stellatakvoryan/Documents/ASC/FAVE files/bought-W9_param.csv,3,-0.3988315478378772,-19.273431504353905,-29.455769180888364,0.00140260811315135,bought-W9,0-0-1-1,group_0,o,3717.948717948718,1,2,bought,1,0.16999999999999998,NA,NA,B,T,B,TRUE,internal
/Users/stellatakvoryan/Documents/ASC/FAVE files/bought-W9_param.csv,4,-2.3503946858711595,12.093243812488288,11.175407758993137,0.00140260811315135,bought-W9,0-0-1-1,group_0,o,3717.948717948718,1,2,bought,1,0.16999999999999998,NA,NA,B,T,B,TRUE,internal
/Users/stellatakvoryan/Documents/ASC/FAVE files/but-AC_param.csv,0,418.8844053470219,878.3410649720483,1617.0823942480577,0.00116560864438664,but-AC,0-0-0-1,group_0,,4076.923076923077,1,2,but,1,0.15,#,NA,B,T,B,TRUE,internal
/Users/stellatakvoryan/Documents/ASC/FAVE files/but-AC_param.csv,1,-7.683693917311354,-23.493712800910576,117.5081453355281,0.00116560864438664,but-AC,0-0-0-1,group_0,,4076.923076923077,1,2,but,1,0.15,#,NA,B,T,B,TRUE,internal
/Users/stellatakvoryan/Documents/ASC/FAVE files/but-AC_param.csv,2,-6.852202181399656,10.984338253878008,-106.44127103858555,0.00116560864438664,but-AC,0-0-0-1,group_0,,4076.923076923077,1,2,but,1,0.15,#,NA,B,T,B,TRUE,internal
/Users/stellatakvoryan/Documents/ASC/FAVE files/but-AC_param.csv,3,-4.648385392169327,-3.959280426616093,27.5330412508783,0.00116560864438664,but-AC,0-0-0-1,group_0,,4076.923076923077,1,2,but,1,0.15,#,NA,B,T,B,TRUE,internal
/Users/stellatakvoryan/Documents/ASC/FAVE files/but-AC_param.csv,4,-4.120097404428428,2.369760656659355,22.62161266577331,0.00116560864438664,but-AC,0-0-0-1,group_0,,4076.923076923077,1,2,but,1,0.15,#,NA,B,T,B,TRUE,internal
/Users/stellatakvoryan/Documents/ASC/FAVE files/but-KL_param.csv,0,364.5060547837797,958.8125552264368,1747.0211307254424,2.059563823151e-4,but-KL,0-0-1-1,group_0,,4076.923076923077,1,2,but,1,0.16999999999999998,NA,NA,B,T,B,TRUE,internal
/Users/stellatakvoryan/Documents/ASC/FAVE files/but-KL_param.csv,1,-1.045066629704925,-59.17144014486803,17.10564007855062,2.059563823151e-4,but-KL,0-0-1-1,group_0,,4076.923076923077,1,2,but,1,0.16999999999999998,NA,NA,B,T,B,TRUE,internal
/Users/stellatakvoryan/Documents/ASC/FAVE files/but-KL_param.csv,2,-0.4514649283564891,2.101971781951882,-13.131597475944062,2.059563823151e-4,but-KL,0-0-1-1,group_0,,4076.923076923077,1,2,but,1,0.16999999999999998,NA,NA,B,T,B,TRUE,internal
/Users/stellatakvoryan/Documents/ASC/FAVE files/but-KL_param.csv,3,1.4750154395029589,-7.346084104959078,-3.346252948543108,2.059563823151e-4,but-KL,0-0-1-1,group_0,,4076.923076923077,1,2,but,1,0.16999999999999998,NA,NA,B,T,B,TRUE,internal
/Users/stellatakvoryan/Documents/ASC/FAVE files/but-KL_param.csv,4,-1.2433536466033293,1.842020158235608,-2.1864465904358577,2.059563823151e-4,but-KL,0-0-1-1,group_0,,4076.923076923077,1,2,but,1,0.16999999999999998,NA,NA,B,T,B,TRUE,internal
/Users/stellatakvoryan/Documents/ASC/FAVE files/but-SO_param.csv,0,442.2916842658292,972.3392492935056,1811.254472287849,7.714782057267e-5,but-SO,0-0-0-1,group_0,,4076.923076923077,1,2,but,1,0.11,#,NA,B,T,B,TRUE,internal
/Users/stellatakvoryan/Documents/ASC/FAVE files/but-SO_param.csv,1,3.969197510635938,-66.91233387040145,10.92485077492702,7.714782057267e-5,but-SO,0-0-0-1,group_0,,4076.923076923077,1,2,but,1,0.11,#,NA,B,T,B,TRUE,internal
/Users/stellatakvoryan/Documents/ASC/FAVE files/but-SO_param.csv,2,-13.413949869183394,7.9938136251383165,-12.583485631560333,7.714782057267e-5,but-SO,0-0-0-1,group_0,,4076.923076923077,1,2,but,1,0.11,#,NA,B,T,B,TRUE,internal
/Users/stellatakvoryan/Documents/ASC/FAVE files/but-SO_param.csv,3,1.9634020772969305,-9.081558673702885,-2.3094247792392126,7.714782057267e-5,but-SO,0-0-0-1,group_0,,4076.923076923077,1,2,but,1,0.11,#,NA,B,T,B,TRUE,internal
/Users/stellatakvoryan/Documents/ASC/FAVE files/but-SO_param.csv,4,-1.1457632675599736,3.8360040248947858,-1.6840654369530346,7.714782057267e-5,but-SO,0-0-0-1,group_0,,4076.923076923077,1,2,but,1,0.11,#,NA,B,T,B,TRUE,internal
/Users/stellatakvoryan/Documents/ASC/FAVE files/but-W3_param.csv,0,461.11776913462165,833.730018349763,1836.0935088162512,5.125767737349e-5,but-W3,0-0-1-1,group_0,,4794.871794871795,1,2,but,1,0.08000000000000002,NA,NA,B,T,B,TRUE,internal
/Users/stellatakvoryan/Documents/ASC/FAVE files/but-W3_param.csv,1,-14.72177962755799,-35.60339805375681,-10.004725752031362,5.125767737349e-5,but-W3,0-0-1-1,group_0,,4794.871794871795,1,2,but,1,0.08000000000000002,NA,NA,B,T,B,TRUE,internal
/Users/stellatakvoryan/Documents/ASC/FAVE files/but-W3_param.csv,2,-3.3026892162882286,7.360403509717552,-1.100552255621532,5.125767737349e-5,but-W3,0-0-1-1,group_0,,4794.871794871795,1,2,but,1,0.08000000000000002,NA,NA,B,T,B,TRUE,internal
/Users/stellatakvoryan/Documents/ASC/FAVE files/but-W3_param.csv,3,1.9636438479392877,-2.654051990668437,-1.7457169283777412,5.125767737349e-5,but-W3,0-0-1-1,group_0,,4794.871794871795,1,2,but,1,0.08000000000000002,NA,NA,B,T,B,TRUE,internal
/Users/stellatakvoryan/Documents/ASC/FAVE files/but-W3_param.csv,4,-0.5837785597700246,2.4516662149539856,-6.840742613972398,5.125767737349e-5,but-W3,0-0-1-1,group_0,,4794.871794871795,1,2,but,1,0.08000000000000002,NA,NA,B,T,B,TRUE,internal
/Users/stellatakvoryan/Documents/ASC/FAVE files/but-W6_param.csv,0,477.0241492498086,926.4900056396514,1982.006672986467,4.4240721569137e-4,but-W6,0-0-1-1,group_0,,5153.846153846154,1,1,but,1,0.14,NA,NA,B,T,B,TRUE,internal
/Users/stellatakvoryan/Documents/ASC/FAVE files/but-W6_param.csv,1,-8.994241979893653,-68.01488037040485,1.035471986071544,4.4240721569137e-4,but-W6,0-0-1-1,group_0,,5153.846153846154,1,1,but,1,0.14,NA,NA,B,T,B,TRUE,internal
/Users/stellatakvoryan/Documents/ASC/FAVE files/but-W6_param.csv,2,-12.8704862329501,11.388275824107982,-46.13407672247033,4.4240721569137e-4,but-W6,0-0-1-1,group_0,,5153.846153846154,1,1,but,1,0.14,NA,NA,B,T,B,TRUE,internal
/Users/stellatakvoryan/Documents/ASC/FAVE files/but-W6_param.csv,3,9.204134159554329,-6.551654570674259,14.013275314798427,4.4240721569137e-4,but-W6,0-0-1-1,group_0,,5153.846153846154,1,1,but,1,0.14,NA,NA,B,T,B,TRUE,internal
/Users/stellatakvoryan/Documents/ASC/FAVE files/but-W6_param.csv,4,-0.6239373666020807,4.721753984787513,7.910694826323733,4.4240721569137e-4,but-W6,0-0-1-1,group_0,,5153.846153846154,1,1,but,1,0.14,NA,NA,B,T,B,TRUE,internal
/Users/stellatakvoryan/Documents/ASC/FAVE files/but-W9_param.csv,0,431.6230234614293,869.8567744596495,1653.524355377249,5.198381328172e-4,but-W9,0-0-1-1,group_0,,5692.3076923076915,1,2,but,1,0.13,NA,NA,B,T,B,TRUE,internal
/Users/stellatakvoryan/Documents/ASC/FAVE files/but-W9_param.csv,1,-1.091708506321554,-102.2718324615522,16.64857664034371,5.198381328172e-4,but-W9,0-0-1-1,group_0,,5692.3076923076915,1,2,but,1,0.13,NA,NA,B,T,B,TRUE,internal
/Users/stellatakvoryan/Documents/ASC/FAVE files/but-W9_param.csv,2,-19.485941588726742,17.350342745712545,-1.5816333024377487,5.198381328172e-4,but-W9,0-0-1-1,group_0,,5692.3076923076915,1,2,but,1,0.13,NA,NA,B,T,B,TRUE,internal
/Users/stellatakvoryan/Documents/ASC/FAVE files/but-W9_param.csv,3,3.8306501352688103,-13.450391291080791,-13.50473302399925,5.198381328172e-4,but-W9,0-0-1-1,group_0,,5692.3076923076915,1,2,but,1,0.13,NA,NA,B,T,B,TRUE,internal
/Users/stellatakvoryan/Documents/ASC/FAVE files/but-W9_param.csv,4,-2.6808120348250535,2.209660558829371,-2.9675643442657456,5.198381328172e-4,but-W9,0-0-1-1,group_0,,5692.3076923076915,1,2,but,1,0.13,NA,NA,B,T,B,TRUE,internal
/Users/stellatakvoryan/Documents/ASC/FAVE files/pot-AC_param.csv,0,430.64855487838537,679.6266336108908,1767.050474921547,4.2899258309732e-4,pot-AC,0-0-0-1,group_0,o,4435.897435897436,1,1,pot,1,0.2,#,NA,P,T,P,TRUE,internal
/Users/stellatakvoryan/Documents/ASC/FAVE files/pot-AC_param.csv,1,-23.794774456357267,-95.79568917224428,83.49359050580219,4.2899258309732e-4,pot-AC,0-0-0-1,group_0,o,4435.897435897436,1,1,pot,1,0.2,#,NA,P,T,P,TRUE,internal
/Users/stellatakvoryan/Documents/ASC/FAVE files/pot-AC_param.csv,2,3.339743815306817,48.40306132540036,-36.655473251155676,4.2899258309732e-4,pot-AC,0-0-0-1,group_0,o,4435.897435897436,1,1,pot,1,0.2,#,NA,P,T,P,TRUE,internal
/Users/stellatakvoryan/Documents/ASC/FAVE files/pot-AC_param.csv,3,7.870472109115886,-12.798353907315766,-10.809792734676693,4.2899258309732e-4,pot-AC,0-0-0-1,group_0,o,4435.897435897436,1,1,pot,1,0.2,#,NA,P,T,P,TRUE,internal
/Users/stellatakvoryan/Documents/ASC/FAVE files/pot-AC_param.csv,4,-4.841733394981405,8.211645779467874,2.2946296953454284,4.2899258309732e-4,pot-AC,0-0-0-1,group_0,o,4435.897435897436,1,1,pot,1,0.2,#,NA,P,T,P,TRUE,internal
/Users/stellatakvoryan/Documents/ASC/FAVE files/pot-KL_param.csv,0,602.282259836966,917.241589045688,1849.7142612017285,8.347295603228e-5,pot-KL,0-0-1-1,group_0,o,4974.358974358975,1,2,pot,1,0.13,NA,NA,P,T,P,TRUE,internal
/Users/stellatakvoryan/Documents/ASC/FAVE files/pot-KL_param.csv,1,2.04296653886028,-12.539870466839862,-19.593330008885673,8.347295603228e-5,pot-KL,0-0-1-1,group_0,o,4974.358974358975,1,2,pot,1,0.13,NA,NA,P,T,P,TRUE,internal
/Users/stellatakvoryan/Documents/ASC/FAVE files/pot-KL_param.csv,2,3.113424615045479,6.898718238719257,8.982261459967175,8.347295603228e-5,pot-KL,0-0-1-1,group_0,o,4974.358974358975,1,2,pot,1,0.13,NA,NA,P,T,P,TRUE,internal
/Users/stellatakvoryan/Documents/ASC/FAVE files/pot-KL_param.csv,3,6.65046430081577,1.4250202545362978,-7.5421968726532995,8.347295603228e-5,pot-KL,0-0-1-1,group_0,o,4974.358974358975,1,2,pot,1,0.13,NA,NA,P,T,P,TRUE,internal
/Users/stellatakvoryan/Documents/ASC/FAVE files/pot-KL_param.csv,4,-1.9020425050204468,-0.7051859925951625,2.3012189806166625,8.347295603228e-5,pot-KL,0-0-1-1,group_0,o,4974.358974358975,1,2,pot,1,0.13,NA,NA,P,T,P,TRUE,internal
/Users/stellatakvoryan/Documents/ASC/FAVE files/pot-SO_param.csv,0,514.6564971295277,842.1655619084211,1873.9130981700089,2.2956186060896e-4,pot-SO,0-0-1-1,group_0,o,4974.358974358975,1,2,pot,1,0.14,NA,NA,P,T,P,TRUE,internal
/Users/stellatakvoryan/Documents/ASC/FAVE files/pot-SO_param.csv,1,-12.255022077416283,-44.42229873070222,69.95057467286249,2.2956186060896e-4,pot-SO,0-0-1-1,group_0,o,4974.358974358975,1,2,pot,1,0.14,NA,NA,P,T,P,TRUE,internal
/Users/stellatakvoryan/Documents/ASC/FAVE files/pot-SO_param.csv,2,-9.302391970847184,14.794437649694412,-34.96941965949974,2.2956186060896e-4,pot-SO,0-0-1-1,group_0,o,4974.358974358975,1,2,pot,1,0.14,NA,NA,P,T,P,TRUE,internal
/Users/stellatakvoryan/Documents/ASC/FAVE files/pot-SO_param.csv,3,-1.7734444357465722,-6.77505141447363,15.80896396286156,2.2956186060896e-4,pot-SO,0-0-1-1,group_0,o,4974.358974358975,1,2,pot,1,0.14,NA,NA,P,T,P,TRUE,internal
/Users/stellatakvoryan/Documents/ASC/FAVE files/pot-SO_param.csv,4,-1.7694379323916267,7.57110034339544,0.5366433751897826,2.2956186060896e-4,pot-SO,0-0-1-1,group_0,o,4974.358974358975,1,2,pot,1,0.14,NA,NA,P,T,P,TRUE,internal
/Users/stellatakvoryan/Documents/ASC/FAVE files/pot-W3_param.csv,0,574.3770525226553,934.8734951504553,1880.9806035814092,5.370959405293e-5,pot-W3,0-0-1-1,group_0,o,4974.358974358975,1,1,pot,1,0.09,NA,NA,P,T,P,TRUE,internal
/Users/stellatakvoryan/Documents/ASC/FAVE files/pot-W3_param.csv,1,6.8809006646387365,-5.46076881002666,-0.31479294740057595,5.370959405293e-5,pot-W3,0-0-1-1,group_0,o,4974.358974358975,1,1,pot,1,0.09,NA,NA,P,T,P,TRUE,internal
/Users/stellatakvoryan/Documents/ASC/FAVE files/pot-W3_param.csv,2,18.111287102727367,8.918254746392279,1.80062439467957,5.370959405293e-5,pot-W3,0-0-1-1,group_0,o,4974.358974358975,1,1,pot,1,0.09,NA,NA,P,T,P,TRUE,internal
/Users/stellatakvoryan/Documents/ASC/FAVE files/pot-W3_param.csv,3,2.4428174489062924,-2.0812661641811037,-2.7486728909316898,5.370959405293e-5,pot-W3,0-0-1-1,group_0,o,4974.358974358975,1,1,pot,1,0.09,NA,NA,P,T,P,TRUE,internal
/Users/stellatakvoryan/Documents/ASC/FAVE files/pot-W3_param.csv,4,3.8533324777023177,2.1354864070916855,0.9337331612524888,5.370959405293e-5,pot-W3,0-0-1-1,group_0,o,4974.358974358975,1,1,pot,1,0.09,NA,NA,P,T,P,TRUE,internal
/Users/stellatakvoryan/Documents/ASC/FAVE files/pot-W6_param.csv,0,584.8572448079121,873.3265323112582,1857.944672274847,2.3282600326262e-4,pot-W6,0-0-1-1,group_0,o,5333.333333333333,1,1,pot,1,0.11,NA,NA,P,T,P,TRUE,internal
/Users/stellatakvoryan/Documents/ASC/FAVE files/pot-W6_param.csv,1,28.61354844593426,-4.6114105043834215,10.569643161840771,2.3282600326262e-4,pot-W6,0-0-1-1,group_0,o,5333.333333333333,1,1,pot,1,0.11,NA,NA,P,T,P,TRUE,internal
/Users/stellatakvoryan/Documents/ASC/FAVE files/pot-W6_param.csv,2,3.3396684465364763,-4.2518537431488115,2.9176984290752683,2.3282600326262e-4,pot-W6,0-0-1-1,group_0,o,5333.333333333333,1,1,pot,1,0.11,NA,NA,P,T,P,TRUE,internal
/Users/stellatakvoryan/Documents/ASC/FAVE files/pot-W6_param.csv,3,6.743150061125199,1.186297904485759,-3.831530075915328,2.3282600326262e-4,pot-W6,0-0-1-1,group_0,o,5333.333333333333,1,1,pot,1,0.11,NA,NA,P,T,P,TRUE,internal
/Users/stellatakvoryan/Documents/ASC/FAVE files/pot-W6_param.csv,4,6.453695557610766,5.248012926331202,0.29163270662256835,2.3282600326262e-4,pot-W6,0-0-1-1,group_0,o,5333.333333333333,1,1,pot,1,0.11,NA,NA,P,T,P,TRUE,internal
/Users/stellatakvoryan/Documents/ASC/FAVE files/pot-W9_param.csv,0,523.1302111349006,850.8619076970708,1580.957963938488,1.1105611766149e-4,pot-W9,0-0-1-1,group_0,o,4615.384615384615,1,2,pot,1,0.09,NA,NA,P,T,P,TRUE,internal
/Users/stellatakvoryan/Documents/ASC/FAVE files/pot-W9_param.csv,1,-8.071921947976428,-20.246761537832352,-2.8660174454898972,1.1105611766149e-4,pot-W9,0-0-1-1,group_0,o,4615.384615384615,1,2,pot,1,0.09,NA,NA,P,T,P,TRUE,internal
/Users/stellatakvoryan/Documents/ASC/FAVE files/pot-W9_param.csv,2,3.4085670152338063,4.957421245527414,-2.0490706151526914,1.1105611766149e-4,pot-W9,0-0-1-1,group_0,o,4615.384615384615,1,2,pot,1,0.09,NA,NA,P,T,P,TRUE,internal
/Users/stellatakvoryan/Documents/ASC/FAVE files/pot-W9_param.csv,3,1.1834024334576905,1.577267756033209,-2.982920107693959,1.1105611766149e-4,pot-W9,0-0-1-1,group_0,o,4615.384615384615,1,2,pot,1,0.09,NA,NA,P,T,P,TRUE,internal
/Users/stellatakvoryan/Documents/ASC/FAVE files/pot-W9_param.csv,4,1.750079236883046,-0.4170027135024942,1.7809234147161863,1.1105611766149e-4,pot-W9,0-0-1-1,group_0,o,4615.384615384615,1,2,pot,1,0.09,NA,NA,P,T,P,TRUE,internal
/Users/stellatakvoryan/Documents/ASC/FAVE files/put-AC_param.csv,0,355.97970861133405,863.1646077190362,1642.3691074305,2.1700099786987e-4,put-AC,0-0-0-1,group_0,u,4615.384615384615,1,1,put,1,0.19,#,NA,P,T,P,TRUE,internal
/Users/stellatakvoryan/Documents/ASC/FAVE files/put-AC_param.csv,1,-1.874902091248392,-94.20786968070988,23.759843840056902,2.1700099786987e-4,put-AC,0-0-0-1,group_0,u,4615.384615384615,1,1,put,1,0.19,#,NA,P,T,P,TRUE,internal
/Users/stellatakvoryan/Documents/ASC/FAVE files/put-AC_param.csv,2,0.8622701298192167,44.400228914536655,-10.301464469237295,2.1700099786987e-4,put-AC,0-0-0-1,group_0,u,4615.384615384615,1,1,put,1,0.19,#,NA,P,T,P,TRUE,internal
/Users/stellatakvoryan/Documents/ASC/FAVE files/put-AC_param.csv,3,1.0855529629042084,-11.197485550873472,-6.420643319876288,2.1700099786987e-4,put-AC,0-0-0-1,group_0,u,4615.384615384615,1,1,put,1,0.19,#,NA,P,T,P,TRUE,internal
/Users/stellatakvoryan/Documents/ASC/FAVE files/put-AC_param.csv,4,-1.2632479989218943,-2.070439846903458,2.6719774544196015,2.1700099786987e-4,put-AC,0-0-0-1,group_0,u,4615.384615384615,1,1,put,1,0.19,#,NA,P,T,P,TRUE,internal
/Users/stellatakvoryan/Documents/ASC/FAVE files/put-KL_param.csv,0,334.7590019598302,1088.6109150073517,1679.9913020930103,3.3071940854158e-4,put-KL,0-0-1-1,group_0,u,4256.410256410256,1,2,put,1,0.16999999999999998,NA,#,P,T,P,TRUE,internal
/Users/stellatakvoryan/Documents/ASC/FAVE files/put-KL_param.csv,1,-7.506147919766291,-54.925193275309034,5.3694548634407475,3.3071940854158e-4,put-KL,0-0-1-1,group_0,u,4256.410256410256,1,2,put,1,0.16999999999999998,NA,#,P,T,P,TRUE,internal
/Users/stellatakvoryan/Documents/ASC/FAVE files/put-KL_param.csv,2,-1.8923204738666763,22.866677663602324,6.845859447439105,3.3071940854158e-4,put-KL,0-0-1-1,group_0,u,4256.410256410256,1,2,put,1,0.16999999999999998,NA,#,P,T,P,TRUE,internal
/Users/stellatakvoryan/Documents/ASC/FAVE files/put-KL_param.csv,3,-2.442636867762253,-0.5913095063224162,-0.6085765186017597,3.3071940854158e-4,put-KL,0-0-1-1,group_0,u,4256.410256410256,1,2,put,1,0.16999999999999998,NA,#,P,T,P,TRUE,internal
/Users/stellatakvoryan/Documents/ASC/FAVE files/put-KL_param.csv,4,-2.951497574111884,4.272014915140056,9.382865359073628,3.3071940854158e-4,put-KL,0-0-1-1,group_0,u,4256.410256410256,1,2,put,1,0.16999999999999998,NA,#,P,T,P,TRUE,internal
/Users/stellatakvoryan/Documents/ASC/FAVE files/put-SO_param.csv,0,346.4612022591383,949.2121307742505,1739.6707259290304,1.8034180496141e-4,put-SO,0-0-1-1,group_0,u,3897.4358974358975,1,2,put,1,0.11,NA,NA,P,T,P,TRUE,internal
/Users/stellatakvoryan/Documents/ASC/FAVE files/put-SO_param.csv,1,3.60141005417413,-110.15325100545311,-5.586816552694913,1.8034180496141e-4,put-SO,0-0-1-1,group_0,u,3897.4358974358975,1,2,put,1,0.11,NA,NA,P,T,P,TRUE,internal
/Users/stellatakvoryan/Documents/ASC/FAVE files/put-SO_param.csv,2,-10.857998606558606,7.207721949356137,-1.1353185411541438,1.8034180496141e-4,put-SO,0-0-1-1,group_0,u,3897.4358974358975,1,2,put,1,0.11,NA,NA,P,T,P,TRUE,internal
/Users/stellatakvoryan/Documents/ASC/FAVE files/put-SO_param.csv,3,-5.633383560005932,-8.464063545479808,4.042680238215638,1.8034180496141e-4,put-SO,0-0-1-1,group_0,u,3897.4358974358975,1,2,put,1,0.11,NA,NA,P,T,P,TRUE,internal
/Users/stellatakvoryan/Documents/ASC/FAVE files/put-SO_param.csv,4,-3.712949312097413,-3.4522258217617545,3.9566379431151577,1.8034180496141e-4,put-SO,0-0-1-1,group_0,u,3897.4358974358975,1,2,put,1,0.11,NA,NA,P,T,P,TRUE,internal
/Users/stellatakvoryan/Documents/ASC/FAVE files/put-W3_param.csv,0,376.2495856940421,829.8568885769632,1808.801701640167,2.2388065837673e-4,put-W3,0-0-1-1,group_0,u,4615.384615384615,1,2,put,1,0.07999999999999999,NA,NA,P,T,P,TRUE,internal
/Users/stellatakvoryan/Documents/ASC/FAVE files/put-W3_param.csv,1,-2.2450498647950807,-38.01220278954052,14.27095449679657,2.2388065837673e-4,put-W3,0-0-1-1,group_0,u,4615.384615384615,1,2,put,1,0.07999999999999999,NA,NA,P,T,P,TRUE,internal
/Users/stellatakvoryan/Documents/ASC/FAVE files/put-W3_param.csv,2,-0.4496204971932276,16.508678782253725,-6.227380402017967,2.2388065837673e-4,put-W3,0-0-1-1,group_0,u,4615.384615384615,1,2,put,1,0.07999999999999999,NA,NA,P,T,P,TRUE,internal
/Users/stellatakvoryan/Documents/ASC/FAVE files/put-W3_param.csv,3,0.2128884809441527,-2.258673267064096,-11.9594107585924,2.2388065837673e-4,put-W3,0-0-1-1,group_0,u,4615.384615384615,1,2,put,1,0.07999999999999999,NA,NA,P,T,P,TRUE,internal
/Users/stellatakvoryan/Documents/ASC/FAVE files/put-W3_param.csv,4,-1.4718034776696092,2.849694974706455,6.76838413499476,2.2388065837673e-4,put-W3,0-0-1-1,group_0,u,4615.384615384615,1,2,put,1,0.07999999999999999,NA,NA,P,T,P,TRUE,internal
/Users/stellatakvoryan/Documents/ASC/FAVE files/put-W6_param.csv,0,384.09520504422306,907.3124081074308,1785.5148208805192,3.4292689637887e-4,put-W6,0-0-1-1,group_0,u,4974.358974358975,1,1,put,1,0.11,NA,NA,P,T,P,TRUE,internal
/Users/stellatakvoryan/Documents/ASC/FAVE files/put-W6_param.csv,1,8.539248263303284,-68.405057854683193,11.659851719409584,3.4292689637887e-4,put-W6,0-0-1-1,group_0,u,4974.358974358975,1,1,put,1,0.11,NA,NA,P,T,P,TRUE,internal
/Users/stellatakvoryan/Documents/ASC/FAVE files/put-W6_param.csv,2,13.781359502845753,19.179631960763977,-6.530057554273662,3.4292689637887e-4,put-W6,0-0-1-1,group_0,u,4974.358974358975,1,1,put,1,0.11,NA,NA,P,T,P,TRUE,internal
/Users/stellatakvoryan/Documents/ASC/FAVE files/put-W6_param.csv,3,13.230059295675623,4.005394160482328,-4.5929458745570315,3.4292689637887e-4,put-W6,0-0-1-1,group_0,u,4974.358974358975,1,1,put,1,0.11,NA,NA,P,T,P,TRUE,internal
/Users/stellatakvoryan/Documents/ASC/FAVE files/put-W6_param.csv,4,4.093749661661918,11.391715085136555,-6.042526358933267,3.4292689637887e-4,put-W6,0-0-1-1,group_0,u,4974.358974358975,1,1,put,1,0.11,NA,NA,P,T,P,TRUE,internal
/Users/stellatakvoryan/Documents/ASC/FAVE files/put-W9_param.csv,0,354.23139829259054,792.4873190676643,1539.041721442376,1.8462125444453e-4,put-W9,0-0-1-1,group_0,u,4615.384615384615,1,1,put,1,0.1,NA,NA,P,T,P,TRUE,internal
/Users/stellatakvoryan/Documents/ASC/FAVE files/put-W9_param.csv,1,-17.04116461201401,-96.04275873112228,10.16810573208689,1.8462125444453e-4,put-W9,0-0-1-1,group_0,u,4615.384615384615,1,1,put,1,0.1,NA,NA,P,T,P,TRUE,internal
/Users/stellatakvoryan/Documents/ASC/FAVE files/put-W9_param.csv,2,-10.789948381108925,10.800465166692822,-4.192393056497524,1.8462125444453e-4,put-W9,0-0-1-1,group_0,u,4615.384615384615,1,1,put,1,0.1,NA,NA,P,T,P,TRUE,internal
/Users/stellatakvoryan/Documents/ASC/FAVE files/put-W9_param.csv,3,0.24531591190129384,-4.7508532169377755,-0.6739187391292926,1.8462125444453e-4,put-W9,0-0-1-1,group_0,u,4615.384615384615,1,1,put,1,0.1,NA,NA,P,T,P,TRUE,internal
/Users/stellatakvoryan/Documents/ASC/FAVE files/put-W9_param.csv,4,-1.815296164156931,6.010735172478328,0.988684441244944,1.8462125444453e-4,put-W9,0-0-1-1,group_0,u,4615.384615384615,1,1,put,1,0.1,NA,NA,P,T,P,TRUE,internal
